{
    "Hemorrhagic": {
        "precision": 0.1644110275689223,
        "recall": 1.0,
        "f1-score": 0.282393456736978,
        "support": 328.0
    },
    "Ischemic": {
        "precision": 0.0,
        "recall": 0.0,
        "f1-score": 0.0,
        "support": 339.0
    },
    "Normal": {
        "precision": 0.0,
        "recall": 0.0,
        "f1-score": 0.0,
        "support": 1328.0
    },
    "micro avg": {
        "precision": 0.1644110275689223,
        "recall": 0.1644110275689223,
        "f1-score": 0.1644110275689223,
        "support": 1995.0
    },
    "macro avg": {
        "precision": 0.05480367585630744,
        "recall": 0.3333333333333333,
        "f1-score": 0.09413115224565934,
        "support": 1995.0
    },
    "weighted avg": {
        "precision": 0.02703098598626893,
        "recall": 0.1644110275689223,
        "f1-score": 0.046428598400866564,
        "support": 1995.0
    },
    "samples avg": {
        "precision": 0.1644110275689223,
        "recall": 0.1644110275689223,
        "f1-score": 0.1644110275689223,
        "support": 1995.0
    }
}