{
    "Hemorrhagic": {
        "precision": 0.0,
        "recall": 0.0,
        "f1-score": 0.0,
        "support": 328.0
    },
    "Ischemic": {
        "precision": 0.0,
        "recall": 0.0,
        "f1-score": 0.0,
        "support": 339.0
    },
    "Normal": {
        "precision": 0.6656641604010025,
        "recall": 1.0,
        "f1-score": 0.7992777610592838,
        "support": 1328.0
    },
    "micro avg": {
        "precision": 0.6656641604010025,
        "recall": 0.6656641604010025,
        "f1-score": 0.6656641604010025,
        "support": 1995.0
    },
    "macro avg": {
        "precision": 0.22188805346700083,
        "recall": 0.3333333333333333,
        "f1-score": 0.2664259203530946,
        "support": 1995.0
    },
    "weighted avg": {
        "precision": 0.44310877444237157,
        "recall": 0.6656641604010025,
        "f1-score": 0.5320505597427212,
        "support": 1995.0
    },
    "samples avg": {
        "precision": 0.6656641604010025,
        "recall": 0.6656641604010025,
        "f1-score": 0.6656641604010025,
        "support": 1995.0
    }
}