{
    "Hemorrhagic": {
        "precision": 0.16920943134535368,
        "recall": 0.3719512195121951,
        "f1-score": 0.23260247855100097,
        "support": 328.0
    },
    "Ischemic": {
        "precision": 0.21409691629955946,
        "recall": 0.7168141592920354,
        "f1-score": 0.32971506105834464,
        "support": 339.0
    },
    "Normal": {
        "precision": 0.8776978417266187,
        "recall": 0.09186746987951808,
        "f1-score": 0.16632583503749146,
        "support": 1328.0
    },
    "micro avg": {
        "precision": 0.24411027568922306,
        "recall": 0.24411027568922306,
        "f1-score": 0.24411027568922306,
        "support": 1995.0
    },
    "macro avg": {
        "precision": 0.4203347297905106,
        "recall": 0.39354428289458293,
        "f1-score": 0.242881124882279,
        "support": 1995.0
    },
    "weighted avg": {
        "precision": 0.6484522716389856,
        "recall": 0.24411027568922306,
        "f1-score": 0.20498632962069965,
        "support": 1995.0
    },
    "samples avg": {
        "precision": 0.24411027568922306,
        "recall": 0.24411027568922306,
        "f1-score": 0.24411027568922306,
        "support": 1995.0
    }
}