{
    "Hemorrhagic": {
        "precision": 0.0,
        "recall": 0.0,
        "f1-score": 0.0,
        "support": 328.0
    },
    "Ischemic": {
        "precision": 0.20948616600790515,
        "recall": 0.7817109144542773,
        "f1-score": 0.33042394014962595,
        "support": 339.0
    },
    "Normal": {
        "precision": 0.7561643835616438,
        "recall": 0.41566265060240964,
        "f1-score": 0.5364431486880465,
        "support": 1328.0
    },
    "micro avg": {
        "precision": 0.4095238095238095,
        "recall": 0.4095238095238095,
        "f1-score": 0.4095238095238095,
        "support": 1995.0
    },
    "macro avg": {
        "precision": 0.321883516523183,
        "recall": 0.39912452168556234,
        "f1-score": 0.2889556962792242,
        "support": 1995.0
    },
    "weighted avg": {
        "precision": 0.5389484268904976,
        "recall": 0.4095238095238095,
        "f1-score": 0.41323820409446066,
        "support": 1995.0
    },
    "samples avg": {
        "precision": 0.4095238095238095,
        "recall": 0.4095238095238095,
        "f1-score": 0.4095238095238095,
        "support": 1995.0
    }
}