{
    "Hemorrhagic": {
        "precision": 0.8268551236749117,
        "recall": 0.7134146341463414,
        "f1-score": 0.7659574468085106,
        "support": 328.0
    },
    "Ischemic": {
        "precision": 0.5138888888888888,
        "recall": 0.8731563421828908,
        "f1-score": 0.6469945355191257,
        "support": 339.0
    },
    "Normal": {
        "precision": 0.9419014084507042,
        "recall": 0.8057228915662651,
        "f1-score": 0.8685064935064936,
        "support": 1328.0
    },
    "micro avg": {
        "precision": 0.8020050125313283,
        "recall": 0.8020050125313283,
        "f1-score": 0.8020050125313283,
        "support": 1995.0
    },
    "macro avg": {
        "precision": 0.7608818070048349,
        "recall": 0.797431289298499,
        "f1-score": 0.7604861586113766,
        "support": 1995.0
    },
    "weighted avg": {
        "precision": 0.8502565836196689,
        "recall": 0.8020050125313283,
        "f1-score": 0.8140059215392473,
        "support": 1995.0
    },
    "samples avg": {
        "precision": 0.8020050125313283,
        "recall": 0.8020050125313283,
        "f1-score": 0.8020050125313283,
        "support": 1995.0
    }
}