{
    "Hemorrhagic": {
        "precision": 0.8723404255319149,
        "recall": 0.875,
        "f1-score": 0.8736681887366818,
        "support": 328.0
    },
    "Ischemic": {
        "precision": 0.7122641509433962,
        "recall": 0.8908554572271387,
        "f1-score": 0.7916120576671035,
        "support": 339.0
    },
    "Normal": {
        "precision": 0.964573268921095,
        "recall": 0.9021084337349398,
        "f1-score": 0.932295719844358,
        "support": 1328.0
    },
    "micro avg": {
        "precision": 0.8957393483709273,
        "recall": 0.8957393483709273,
        "f1-score": 0.8957393483709273,
        "support": 1995.0
    },
    "macro avg": {
        "precision": 0.8497259484654687,
        "recall": 0.8893212969873594,
        "f1-score": 0.8658586554160479,
        "support": 1995.0
    },
    "weighted avg": {
        "precision": 0.906535592918042,
        "recall": 0.8957393483709273,
        "f1-score": 0.8987510623599435,
        "support": 1995.0
    },
    "samples avg": {
        "precision": 0.8957393483709273,
        "recall": 0.8957393483709273,
        "f1-score": 0.8957393483709273,
        "support": 1995.0
    }
}