{
    "Hemorrhagic": {
        "precision": 0.8909657320872274,
        "recall": 0.8719512195121951,
        "f1-score": 0.8813559322033898,
        "support": 328.0
    },
    "Ischemic": {
        "precision": 0.7481481481481481,
        "recall": 0.8938053097345132,
        "f1-score": 0.8145161290322581,
        "support": 339.0
    },
    "Normal": {
        "precision": 0.9645390070921985,
        "recall": 0.9216867469879518,
        "f1-score": 0.9426261070465922,
        "support": 1328.0
    },
    "micro avg": {
        "precision": 0.9087719298245615,
        "recall": 0.9087719298245615,
        "f1-score": 0.9087719298245615,
        "support": 1995.0
    },
    "macro avg": {
        "precision": 0.867884295775858,
        "recall": 0.8958144254115533,
        "f1-score": 0.8794993894274133,
        "support": 1995.0
    },
    "weighted avg": {
        "precision": 0.9156725733159261,
        "recall": 0.9087719298245615,
        "f1-score": 0.910783550708031,
        "support": 1995.0
    },
    "samples avg": {
        "precision": 0.9087719298245615,
        "recall": 0.9087719298245615,
        "f1-score": 0.9087719298245615,
        "support": 1995.0
    }
}