{
    "Normal": {
        "precision": 0.978865406006674,
        "recall": 0.9843400447427293,
        "f1-score": 0.9815950920245398,
        "support": 894.0
    },
    "Stroke": {
        "precision": 0.9675174013921114,
        "recall": 0.9564220183486238,
        "f1-score": 0.9619377162629758,
        "support": 436.0
    },
    "micro avg": {
        "precision": 0.975187969924812,
        "recall": 0.975187969924812,
        "f1-score": 0.975187969924812,
        "support": 1330.0
    },
    "macro avg": {
        "precision": 0.9731914036993927,
        "recall": 0.9703810315456766,
        "f1-score": 0.9717664041437577,
        "support": 1330.0
    },
    "weighted avg": {
        "precision": 0.9751453082533286,
        "recall": 0.975187969924812,
        "f1-score": 0.9751510199703728,
        "support": 1330.0
    },
    "samples avg": {
        "precision": 0.975187969924812,
        "recall": 0.975187969924812,
        "f1-score": 0.975187969924812,
        "support": 1330.0
    }
}