{
    "Hemorrhagic": {
        "precision": 0.948220064724919,
        "recall": 0.8932926829268293,
        "f1-score": 0.9199372056514914,
        "support": 328.0
    },
    "Ischemic": {
        "precision": 0.6694915254237288,
        "recall": 0.9321533923303835,
        "f1-score": 0.7792848335388409,
        "support": 339.0
    },
    "Normal": {
        "precision": 0.9769357495881383,
        "recall": 0.8930722891566265,
        "f1-score": 0.9331235247836349,
        "support": 1328.0
    },
    "micro avg": {
        "precision": 0.899749373433584,
        "recall": 0.899749373433584,
        "f1-score": 0.899749373433584,
        "support": 1995.0
    },
    "macro avg": {
        "precision": 0.8648824465789288,
        "recall": 0.9061727881379463,
        "f1-score": 0.8774485213246557,
        "support": 1995.0
    },
    "weighted avg": {
        "precision": 0.9199721723315615,
        "recall": 0.899749373433584,
        "f1-score": 0.9048145378125432,
        "support": 1995.0
    },
    "samples avg": {
        "precision": 0.899749373433584,
        "recall": 0.899749373433584,
        "f1-score": 0.899749373433584,
        "support": 1995.0
    }
}