{
    "Hemorrhagic": {
        "precision": 0.9702970297029703,
        "recall": 0.8963414634146342,
        "f1-score": 0.9318541996830428,
        "support": 328.0
    },
    "Ischemic": {
        "precision": 0.7232558139534884,
        "recall": 0.9174041297935103,
        "f1-score": 0.8088426527958388,
        "support": 339.0
    },
    "Normal": {
        "precision": 0.9730586370839936,
        "recall": 0.9246987951807228,
        "f1-score": 0.9482625482625483,
        "support": 1328.0
    },
    "micro avg": {
        "precision": 0.9187969924812031,
        "recall": 0.9187969924812031,
        "f1-score": 0.9187969924812031,
        "support": 1995.0
    },
    "macro avg": {
        "precision": 0.8888704935801508,
        "recall": 0.9128147961296224,
        "f1-score": 0.8963198002471433,
        "support": 1995.0
    },
    "weighted avg": {
        "precision": 0.9301569006117044,
        "recall": 0.9187969924812031,
        "f1-score": 0.9218739352814495,
        "support": 1995.0
    },
    "samples avg": {
        "precision": 0.9187969924812031,
        "recall": 0.9187969924812031,
        "f1-score": 0.9187969924812031,
        "support": 1995.0
    }
}