{
    "Hemorrhagic": {
        "precision": 0.9798657718120806,
        "recall": 0.8902439024390244,
        "f1-score": 0.9329073482428115,
        "support": 328.0
    },
    "Ischemic": {
        "precision": 0.6804347826086956,
        "recall": 0.9233038348082596,
        "f1-score": 0.7834793491864831,
        "support": 339.0
    },
    "Normal": {
        "precision": 0.9700889248181084,
        "recall": 0.9036144578313253,
        "f1-score": 0.935672514619883,
        "support": 1328.0
    },
    "micro avg": {
        "precision": 0.9047619047619048,
        "recall": 0.9047619047619048,
        "f1-score": 0.9047619047619048,
        "support": 1995.0
    },
    "macro avg": {
        "precision": 0.8767964930796283,
        "recall": 0.9057207316928698,
        "f1-score": 0.8840197373497259,
        "support": 1995.0
    },
    "weighted avg": {
        "precision": 0.9224769206101043,
        "recall": 0.9047619047619048,
        "f1-score": 0.9093564957458969,
        "support": 1995.0
    },
    "samples avg": {
        "precision": 0.9047619047619048,
        "recall": 0.9047619047619048,
        "f1-score": 0.9047619047619048,
        "support": 1995.0
    }
}