{
    "Hemorrhagic": {
        "precision": {
            "mean": 0.9756783460357321,
            "std": 0.014944333519528823,
            "median": 0.9767220491519557
        },
        "recall": {
            "mean": 0.947327352604298,
            "std": 0.01904563051135654,
            "median": 0.9440387481371089
        },
        "f1-score": {
            "mean": 0.9611688631893088,
            "std": 0.013221718724039289,
            "median": 0.9575235423762773
        }
    },
    "Ischemic": {
        "precision": {
            "mean": 0.9579945607670721,
            "std": 0.01824187401390387,
            "median": 0.9607412544305749
        },
        "recall": {
            "mean": 0.9553533030083268,
            "std": 0.018363869310666872,
            "median": 0.9534390159390159
        },
        "f1-score": {
            "mean": 0.9564869377727465,
            "std": 0.012628852674329004,
            "median": 0.9537603105288694
        }
    },
    "Normal": {
        "precision": {
            "mean": 0.9813466247049755,
            "std": 0.004988771489016454,
            "median": 0.9795219457646072
        },
        "recall": {
            "mean": 0.9885000634834922,
            "std": 0.0027714740739051198,
            "median": 0.9886877249018493
        },
        "f1-score": {
            "mean": 0.9849004250107802,
            "std": 0.002569615826658097,
            "median": 0.9843788052743276
        }
    }
}