{
    "Hemorrhagic": {
        "precision": {
            "mean": 0.9789926220136118,
            "std": 0.014447741921990904,
            "median": 0.9824762779308234
        },
        "recall": {
            "mean": 0.9459089701022392,
            "std": 0.021041971907218418,
            "median": 0.9422417079679757
        },
        "f1-score": {
            "mean": 0.9620448579527678,
            "std": 0.014568725515713638,
            "median": 0.9575235423762773
        }
    },
    "Ischemic": {
        "precision": {
            "mean": 0.9627755474500683,
            "std": 0.01676933284468025,
            "median": 0.9628834092275969
        },
        "recall": {
            "mean": 0.9563326760577058,
            "std": 0.020338330028495465,
            "median": 0.9547750977835723
        },
        "f1-score": {
            "mean": 0.9593413111048221,
            "std": 0.012513832172735264,
            "median": 0.9560386473429952
        }
    },
    "Normal": {
        "precision": {
            "mean": 0.9805285967853589,
            "std": 0.005168698889897768,
            "median": 0.979285192130439
        },
        "recall": {
            "mean": 0.9897438616295318,
            "std": 0.0012800807112142364,
            "median": 0.9897377214978704
        },
        "f1-score": {
            "mean": 0.9851077321102709,
            "std": 0.0027342243471767075,
            "median": 0.9843788052743276
        }
    }
}