{
    "Hemorrhagic": {
        "precision": 0.9263803680981595,
        "recall": 0.9207317073170732,
        "f1-score": 0.9235474006116207,
        "support": 328.0
    },
    "Ischemic": {
        "precision": 0.7939698492462312,
        "recall": 0.9321533923303835,
        "f1-score": 0.8575305291723203,
        "support": 339.0
    },
    "Normal": {
        "precision": 0.977183320220299,
        "recall": 0.9352409638554217,
        "f1-score": 0.9557522123893806,
        "support": 1328.0
    },
    "micro avg": {
        "precision": 0.9323308270676691,
        "recall": 0.9323308270676691,
        "f1-score": 0.9323308270676691,
        "support": 1995.0
    },
    "macro avg": {
        "precision": 0.8991778458548966,
        "recall": 0.9293753545009594,
        "f1-score": 0.9122767140577738,
        "support": 1995.0
    },
    "weighted avg": {
        "precision": 0.9376982400417172,
        "recall": 0.9323308270676691,
        "f1-score": 0.9337670851343988,
        "support": 1995.0
    },
    "samples avg": {
        "precision": 0.9323308270676691,
        "recall": 0.9323308270676691,
        "f1-score": 0.9323308270676691,
        "support": 1995.0
    }
}