{
    "Hemorrhagic": {
        "precision": 0.8633540372670807,
        "recall": 0.8475609756097561,
        "f1-score": 0.8553846153846153,
        "support": 328.0
    },
    "Ischemic": {
        "precision": 0.671264367816092,
        "recall": 0.8613569321533924,
        "f1-score": 0.7545219638242895,
        "support": 339.0
    },
    "Normal": {
        "precision": 0.9612277867528272,
        "recall": 0.8960843373493976,
        "f1-score": 0.9275136399064693,
        "support": 1328.0
    },
    "micro avg": {
        "precision": 0.8822055137844611,
        "recall": 0.8822055137844611,
        "f1-score": 0.8822055137844611,
        "support": 1995.0
    },
    "macro avg": {
        "precision": 0.8319487306119999,
        "recall": 0.868334081704182,
        "f1-score": 0.8458067397051248,
        "support": 1995.0
    },
    "weighted avg": {
        "precision": 0.8958642835694296,
        "recall": 0.8822055137844611,
        "f1-score": 0.8862592548262552,
        "support": 1995.0
    },
    "samples avg": {
        "precision": 0.8822055137844611,
        "recall": 0.8822055137844611,
        "f1-score": 0.8822055137844611,
        "support": 1995.0
    }
}