{
    "Hemorrhagic": {
        "precision": 0.9320987654320988,
        "recall": 0.9207317073170732,
        "f1-score": 0.9263803680981596,
        "support": 328.0
    },
    "Ischemic": {
        "precision": 0.7939698492462312,
        "recall": 0.9321533923303835,
        "f1-score": 0.8575305291723203,
        "support": 339.0
    },
    "Normal": {
        "precision": 0.9772191673212883,
        "recall": 0.9367469879518072,
        "f1-score": 0.9565551710880431,
        "support": 1328.0
    },
    "micro avg": {
        "precision": 0.9333333333333333,
        "recall": 0.9333333333333333,
        "f1-score": 0.9333333333333333,
        "support": 1995.0
    },
    "macro avg": {
        "precision": 0.9010959273332061,
        "recall": 0.929877362533088,
        "f1-score": 0.913488689452841,
        "support": 1995.0
    },
    "weighted avg": {
        "precision": 0.9386622697538204,
        "recall": 0.9333333333333333,
        "f1-score": 0.9347673570579118,
        "support": 1995.0
    },
    "samples avg": {
        "precision": 0.9333333333333333,
        "recall": 0.9333333333333333,
        "f1-score": 0.9333333333333333,
        "support": 1995.0
    }
}