{
    "Hemorrhagic": {
        "precision": 0.8363636363636363,
        "recall": 0.8414634146341463,
        "f1-score": 0.8389057750759878,
        "support": 328.0
    },
    "Ischemic": {
        "precision": 0.6511111111111111,
        "recall": 0.8643067846607669,
        "f1-score": 0.7427122940430925,
        "support": 339.0
    },
    "Normal": {
        "precision": 0.9646090534979423,
        "recall": 0.8825301204819277,
        "f1-score": 0.9217459693275658,
        "support": 1328.0
    },
    "micro avg": {
        "precision": 0.8726817042606516,
        "recall": 0.8726817042606516,
        "f1-score": 0.8726817042606516,
        "support": 1995.0
    },
    "macro avg": {
        "precision": 0.8173612669908966,
        "recall": 0.8627667732589469,
        "f1-score": 0.8344546794822154,
        "support": 1995.0
    },
    "weighted avg": {
        "precision": 0.8902530137539884,
        "recall": 0.8726817042606516,
        "f1-score": 0.8777038642468872,
        "support": 1995.0
    },
    "samples avg": {
        "precision": 0.8726817042606516,
        "recall": 0.8726817042606516,
        "f1-score": 0.8726817042606516,
        "support": 1995.0
    }
}