{
    "Hemorrhagic": {
        "precision": 0.8344155844155844,
        "recall": 0.7835365853658537,
        "f1-score": 0.8081761006289307,
        "support": 328.0
    },
    "Ischemic": {
        "precision": 0.48929159802306427,
        "recall": 0.8761061946902655,
        "f1-score": 0.627906976744186,
        "support": 339.0
    },
    "Normal": {
        "precision": 0.9546296296296296,
        "recall": 0.776355421686747,
        "f1-score": 0.856312292358804,
        "support": 1328.0
    },
    "micro avg": {
        "precision": 0.7944862155388471,
        "recall": 0.7944862155388471,
        "f1-score": 0.7944862155388471,
        "support": 1995.0
    },
    "macro avg": {
        "precision": 0.7594456040227594,
        "recall": 0.8119994005809553,
        "f1-score": 0.7641317899106402,
        "support": 1995.0
    },
    "weighted avg": {
        "precision": 0.8557926373765807,
        "recall": 0.7944862155388471,
        "f1-score": 0.809586441290757,
        "support": 1995.0
    },
    "samples avg": {
        "precision": 0.7944862155388471,
        "recall": 0.7944862155388471,
        "f1-score": 0.7944862155388471,
        "support": 1995.0
    }
}