{
    "Hemorrhagic": {
        "precision": 0.9702970297029703,
        "recall": 0.9514563106796117,
        "f1-score": 0.9607843137254902,
        "support": 103.0
    },
    "Ischemic": {
        "precision": 0.9298245614035088,
        "recall": 0.954954954954955,
        "f1-score": 0.9422222222222222,
        "support": 111.0
    },
    "Normal": {
        "precision": 0.9866666666666667,
        "recall": 0.9844789356984479,
        "f1-score": 0.9855715871254163,
        "support": 451.0
    },
    "micro avg": {
        "precision": 0.9744360902255639,
        "recall": 0.9744360902255639,
        "f1-score": 0.9744360902255639,
        "support": 665.0
    },
    "macro avg": {
        "precision": 0.9622627525910485,
        "recall": 0.9636300671110049,
        "f1-score": 0.9628593743577095,
        "support": 665.0
    },
    "weighted avg": {
        "precision": 0.974643288784755,
        "recall": 0.9744360902255639,
        "f1-score": 0.9744965966525638,
        "support": 665.0
    },
    "samples avg": {
        "precision": 0.9744360902255639,
        "recall": 0.9744360902255639,
        "f1-score": 0.9744360902255639,
        "support": 665.0
    }
}