{
    "Hemorrhagic": {
        "precision": 0.99,
        "recall": 0.9252336448598131,
        "f1-score": 0.9565217391304348,
        "support": 107.0
    },
    "Ischemic": {
        "precision": 0.9763779527559056,
        "recall": 0.992,
        "f1-score": 0.9841269841269842,
        "support": 125.0
    },
    "Normal": {
        "precision": 0.9794520547945206,
        "recall": 0.9907621247113164,
        "f1-score": 0.9850746268656716,
        "support": 433.0
    },
    "micro avg": {
        "precision": 0.9804511278195489,
        "recall": 0.9804511278195489,
        "f1-score": 0.9804511278195489,
        "support": 665.0
    },
    "macro avg": {
        "precision": 0.981943335850142,
        "recall": 0.9693319231903765,
        "f1-score": 0.9752411167076969,
        "support": 665.0
    },
    "weighted avg": {
        "precision": 0.9805714042413769,
        "recall": 0.9804511278195489,
        "f1-score": 0.9803022744897223,
        "support": 665.0
    },
    "samples avg": {
        "precision": 0.9804511278195489,
        "recall": 0.9804511278195489,
        "f1-score": 0.9804511278195489,
        "support": 665.0
    }
}