{
    "Hemorrhagic": {
        "precision": 0.9619047619047619,
        "recall": 0.9439252336448598,
        "f1-score": 0.9528301886792454,
        "support": 107.0
    },
    "Ischemic": {
        "precision": 0.9763779527559056,
        "recall": 0.992,
        "f1-score": 0.9841269841269842,
        "support": 125.0
    },
    "Normal": {
        "precision": 0.9861431870669746,
        "recall": 0.9861431870669746,
        "f1-score": 0.9861431870669746,
        "support": 433.0
    },
    "micro avg": {
        "precision": 0.9804511278195489,
        "recall": 0.9804511278195489,
        "f1-score": 0.9804511278195489,
        "support": 665.0
    },
    "macro avg": {
        "precision": 0.974808633909214,
        "recall": 0.9740228069039448,
        "f1-score": 0.9743667866244013,
        "support": 665.0
    },
    "weighted avg": {
        "precision": 0.9804075994260115,
        "recall": 0.9804511278195489,
        "f1-score": 0.9804040649692516,
        "support": 665.0
    },
    "samples avg": {
        "precision": 0.9804511278195489,
        "recall": 0.9804511278195489,
        "f1-score": 0.9804511278195489,
        "support": 665.0
    }
}