{
    "Hemorrhagic": {
        "precision": 0.9745762711864406,
        "recall": 0.9426229508196722,
        "f1-score": 0.9583333333333334,
        "support": 122.0
    },
    "Ischemic": {
        "precision": 0.956989247311828,
        "recall": 0.956989247311828,
        "f1-score": 0.956989247311828,
        "support": 93.0
    },
    "Normal": {
        "precision": 0.9801762114537445,
        "recall": 0.9888888888888889,
        "f1-score": 0.9845132743362831,
        "support": 450.0
    },
    "micro avg": {
        "precision": 0.9759398496240601,
        "recall": 0.9759398496240601,
        "f1-score": 0.9759398496240601,
        "support": 665.0
    },
    "macro avg": {
        "precision": 0.9705805766506711,
        "recall": 0.962833695673463,
        "f1-score": 0.9666119516604815,
        "support": 665.0
    },
    "weighted avg": {
        "precision": 0.9759061657728283,
        "recall": 0.9759398496240601,
        "f1-score": 0.9758611129593896,
        "support": 665.0
    },
    "samples avg": {
        "precision": 0.9759398496240601,
        "recall": 0.9759398496240601,
        "f1-score": 0.9759398496240601,
        "support": 665.0
    }
}