{
    "Hemorrhagic": {
        "precision": 0.9583333333333334,
        "recall": 0.9426229508196722,
        "f1-score": 0.950413223140496,
        "support": 122.0
    },
    "Ischemic": {
        "precision": 0.9885057471264368,
        "recall": 0.9247311827956989,
        "f1-score": 0.9555555555555556,
        "support": 93.0
    },
    "Normal": {
        "precision": 0.9737991266375546,
        "recall": 0.9911111111111112,
        "f1-score": 0.9823788546255506,
        "support": 450.0
    },
    "micro avg": {
        "precision": 0.9729323308270676,
        "recall": 0.9729323308270676,
        "f1-score": 0.9729323308270676,
        "support": 665.0
    },
    "macro avg": {
        "precision": 0.9735460690324417,
        "recall": 0.9528217482421607,
        "f1-score": 0.9627825444405341,
        "support": 665.0
    },
    "weighted avg": {
        "precision": 0.9730185084756765,
        "recall": 0.9729323308270676,
        "f1-score": 0.9727632548440678,
        "support": 665.0
    },
    "samples avg": {
        "precision": 0.9729323308270676,
        "recall": 0.9729323308270676,
        "f1-score": 0.9729323308270676,
        "support": 665.0
    }
}