{
    "Hemorrhagic": {
        "precision": 1.0,
        "recall": 0.9418604651162791,
        "f1-score": 0.970059880239521,
        "support": 86.0
    },
    "Ischemic": {
        "precision": 0.9262295081967213,
        "recall": 0.9576271186440678,
        "f1-score": 0.9416666666666667,
        "support": 118.0
    },
    "Normal": {
        "precision": 0.9891774891774892,
        "recall": 0.9913232104121475,
        "f1-score": 0.9902491874322861,
        "support": 461.0
    },
    "micro avg": {
        "precision": 0.9789473684210527,
        "recall": 0.9789473684210527,
        "f1-score": 0.9789473684210527,
        "support": 665.0
    },
    "macro avg": {
        "precision": 0.9718023324580702,
        "recall": 0.9636035980574982,
        "f1-score": 0.9673252447794912,
        "support": 665.0
    },
    "weighted avg": {
        "precision": 0.9794073751549407,
        "recall": 0.9789473684210527,
        "f1-score": 0.9790175816143599,
        "support": 665.0
    },
    "samples avg": {
        "precision": 0.9789473684210527,
        "recall": 0.9789473684210527,
        "f1-score": 0.9789473684210527,
        "support": 665.0
    }
}