{
    "Hemorrhagic": {
        "precision": 1.0,
        "recall": 0.9534883720930233,
        "f1-score": 0.9761904761904763,
        "support": 86.0
    },
    "Ischemic": {
        "precision": 0.9655172413793104,
        "recall": 0.9491525423728814,
        "f1-score": 0.9572649572649573,
        "support": 118.0
    },
    "Normal": {
        "precision": 0.9850107066381156,
        "recall": 0.9978308026030369,
        "f1-score": 0.9913793103448277,
        "support": 461.0
    },
    "micro avg": {
        "precision": 0.9834586466165414,
        "recall": 0.9834586466165414,
        "f1-score": 0.9834586466165414,
        "support": 665.0
    },
    "macro avg": {
        "precision": 0.9835093160058087,
        "recall": 0.9668239056896472,
        "f1-score": 0.9749449146000871,
        "support": 665.0
    },
    "weighted avg": {
        "precision": 0.983490180816436,
        "recall": 0.9834586466165414,
        "f1-score": 0.9833616661332503,
        "support": 665.0
    },
    "samples avg": {
        "precision": 0.9834586466165414,
        "recall": 0.9834586466165414,
        "f1-score": 0.9834586466165414,
        "support": 665.0
    }
}