{
    "Hemorrhagic": {
        "precision": 0.9719626168224299,
        "recall": 0.9122807017543859,
        "f1-score": 0.9411764705882353,
        "support": 114.0
    },
    "Ischemic": {
        "precision": 0.96,
        "recall": 0.967741935483871,
        "f1-score": 0.963855421686747,
        "support": 124.0
    },
    "Normal": {
        "precision": 0.9745958429561201,
        "recall": 0.9882903981264637,
        "f1-score": 0.9813953488372094,
        "support": 427.0
    },
    "micro avg": {
        "precision": 0.9714285714285714,
        "recall": 0.9714285714285714,
        "f1-score": 0.9714285714285714,
        "support": 665.0
    },
    "macro avg": {
        "precision": 0.9688528199261833,
        "recall": 0.9561043451215735,
        "f1-score": 0.962142413704064,
        "support": 665.0
    },
    "weighted avg": {
        "precision": 0.9714228018947673,
        "recall": 0.9714285714285714,
        "f1-score": 0.9712300810371486,
        "support": 665.0
    },
    "samples avg": {
        "precision": 0.9714285714285714,
        "recall": 0.9714285714285714,
        "f1-score": 0.9714285714285714,
        "support": 665.0
    }
}