{
    "Hemorrhagic": {
        "precision": 0.9814814814814815,
        "recall": 0.9298245614035088,
        "f1-score": 0.954954954954955,
        "support": 114.0
    },
    "Ischemic": {
        "precision": 0.9603174603174603,
        "recall": 0.9758064516129032,
        "f1-score": 0.9680000000000001,
        "support": 124.0
    },
    "Normal": {
        "precision": 0.9791183294663574,
        "recall": 0.9882903981264637,
        "f1-score": 0.9836829836829838,
        "support": 427.0
    },
    "micro avg": {
        "precision": 0.9759398496240601,
        "recall": 0.9759398496240601,
        "f1-score": 0.9759398496240601,
        "support": 665.0
    },
    "macro avg": {
        "precision": 0.9736390904217664,
        "recall": 0.9646404703809587,
        "f1-score": 0.968879312879313,
        "support": 665.0
    },
    "weighted avg": {
        "precision": 0.9760177152637421,
        "recall": 0.9759398496240601,
        "f1-score": 0.9758338329285697,
        "support": 665.0
    },
    "samples avg": {
        "precision": 0.9759398496240601,
        "recall": 0.9759398496240601,
        "f1-score": 0.9759398496240601,
        "support": 665.0
    }
}