{
    "Hemorrhagic": {
        "precision": 0.9719626168224299,
        "recall": 0.9454545454545454,
        "f1-score": 0.9585253456221198,
        "support": 110.0
    },
    "Ischemic": {
        "precision": 0.9572649572649573,
        "recall": 0.9411764705882353,
        "f1-score": 0.9491525423728814,
        "support": 119.0
    },
    "Normal": {
        "precision": 0.9795918367346939,
        "recall": 0.9908256880733946,
        "f1-score": 0.9851767388825542,
        "support": 436.0
    },
    "micro avg": {
        "precision": 0.9744360902255639,
        "recall": 0.9744360902255639,
        "f1-score": 0.9744360902255639,
        "support": 665.0
    },
    "macro avg": {
        "precision": 0.969606470274027,
        "recall": 0.9591522347053919,
        "f1-score": 0.9642848756258519,
        "support": 665.0
    },
    "weighted avg": {
        "precision": 0.9743345241824417,
        "recall": 0.9744360902255639,
        "f1-score": 0.9743218025768418,
        "support": 665.0
    },
    "samples avg": {
        "precision": 0.9744360902255639,
        "recall": 0.9744360902255639,
        "f1-score": 0.9744360902255639,
        "support": 665.0
    }
}