{
    "Hemorrhagic": {
        "precision": 0.9541284403669725,
        "recall": 0.9454545454545454,
        "f1-score": 0.949771689497717,
        "support": 110.0
    },
    "Ischemic": {
        "precision": 0.963302752293578,
        "recall": 0.8823529411764706,
        "f1-score": 0.9210526315789473,
        "support": 119.0
    },
    "Normal": {
        "precision": 0.9619686800894854,
        "recall": 0.9862385321100917,
        "f1-score": 0.9739524348810872,
        "support": 436.0
    },
    "micro avg": {
        "precision": 0.9609022556390977,
        "recall": 0.9609022556390977,
        "f1-score": 0.9609022556390977,
        "support": 665.0
    },
    "macro avg": {
        "precision": 0.9597999575833454,
        "recall": 0.9380153395803692,
        "f1-score": 0.9482589186525838,
        "support": 665.0
    },
    "weighted avg": {
        "precision": 0.9609105270410804,
        "recall": 0.9609022556390977,
        "f1-score": 0.9604863317455603,
        "support": 665.0
    },
    "samples avg": {
        "precision": 0.9609022556390977,
        "recall": 0.9609022556390977,
        "f1-score": 0.9609022556390977,
        "support": 665.0
    }
}