{
    "Hemorrhagic": {
        "precision": 0.9834710743801653,
        "recall": 0.967479674796748,
        "f1-score": 0.9754098360655739,
        "support": 123.0
    },
    "Ischemic": {
        "precision": 0.9646017699115044,
        "recall": 0.9396551724137931,
        "f1-score": 0.9519650655021834,
        "support": 116.0
    },
    "Normal": {
        "precision": 0.9767981438515081,
        "recall": 0.9882629107981221,
        "f1-score": 0.9824970828471412,
        "support": 426.0
    },
    "micro avg": {
        "precision": 0.9759398496240601,
        "recall": 0.9759398496240601,
        "f1-score": 0.9759398496240601,
        "support": 665.0
    },
    "macro avg": {
        "precision": 0.9749569960477259,
        "recall": 0.9651325860028878,
        "f1-score": 0.9699573281382995,
        "support": 665.0
    },
    "weighted avg": {
        "precision": 0.9759048973522365,
        "recall": 0.9759398496240601,
        "f1-score": 0.9758603228980466,
        "support": 665.0
    },
    "samples avg": {
        "precision": 0.9759398496240601,
        "recall": 0.9759398496240601,
        "f1-score": 0.9759398496240601,
        "support": 665.0
    }
}