{
    "Hemorrhagic": {
        "precision": 0.9897959183673469,
        "recall": 0.9897959183673469,
        "f1-score": 0.9897959183673469,
        "support": 98.0
    },
    "Ischemic": {
        "precision": 0.967741935483871,
        "recall": 0.967741935483871,
        "f1-score": 0.967741935483871,
        "support": 124.0
    },
    "Normal": {
        "precision": 0.9887133182844243,
        "recall": 0.9887133182844243,
        "f1-score": 0.9887133182844243,
        "support": 443.0
    },
    "micro avg": {
        "precision": 0.9849624060150376,
        "recall": 0.9849624060150376,
        "f1-score": 0.9849624060150376,
        "support": 665.0
    },
    "macro avg": {
        "precision": 0.9820837240452142,
        "recall": 0.9820837240452142,
        "f1-score": 0.9820837240452142,
        "support": 665.0
    },
    "weighted avg": {
        "precision": 0.9849624060150376,
        "recall": 0.9849624060150376,
        "f1-score": 0.9849624060150376,
        "support": 665.0
    },
    "samples avg": {
        "precision": 0.9849624060150376,
        "recall": 0.9849624060150376,
        "f1-score": 0.9849624060150376,
        "support": 665.0
    }
}