{
    "Hemorrhagic": {
        "precision": 0.9568965517241379,
        "recall": 0.925,
        "f1-score": 0.9406779661016949,
        "support": 120.0
    },
    "Ischemic": {
        "precision": 0.9611650485436893,
        "recall": 0.9519230769230769,
        "f1-score": 0.9565217391304348,
        "support": 104.0
    },
    "Normal": {
        "precision": 0.9775784753363229,
        "recall": 0.9886621315192744,
        "f1-score": 0.9830890642615558,
        "support": 441.0
    },
    "micro avg": {
        "precision": 0.9714285714285714,
        "recall": 0.9714285714285714,
        "f1-score": 0.9714285714285714,
        "support": 665.0
    },
    "macro avg": {
        "precision": 0.9652133585347168,
        "recall": 0.9551950694807837,
        "f1-score": 0.9600962564978951,
        "support": 665.0
    },
    "weighted avg": {
        "precision": 0.9712794870357273,
        "recall": 0.9714285714285714,
        "f1-score": 0.9712810438212253,
        "support": 665.0
    },
    "samples avg": {
        "precision": 0.9714285714285714,
        "recall": 0.9714285714285714,
        "f1-score": 0.9714285714285714,
        "support": 665.0
    }
}