{
    "Hemorrhagic": {
        "precision": 0.9545454545454546,
        "recall": 0.9545454545454546,
        "f1-score": 0.9545454545454546,
        "support": 110.0
    },
    "Ischemic": {
        "precision": 0.9479166666666666,
        "recall": 0.9479166666666666,
        "f1-score": 0.9479166666666666,
        "support": 96.0
    },
    "Normal": {
        "precision": 0.9825708061002179,
        "recall": 0.9825708061002179,
        "f1-score": 0.9825708061002179,
        "support": 459.0
    },
    "micro avg": {
        "precision": 0.9729323308270676,
        "recall": 0.9729323308270676,
        "f1-score": 0.9729323308270676,
        "support": 665.0
    },
    "macro avg": {
        "precision": 0.9616776424374462,
        "recall": 0.9616776424374462,
        "f1-score": 0.9616776424374462,
        "support": 665.0
    },
    "weighted avg": {
        "precision": 0.9729323308270676,
        "recall": 0.9729323308270676,
        "f1-score": 0.9729323308270676,
        "support": 665.0
    },
    "samples avg": {
        "precision": 0.9729323308270676,
        "recall": 0.9729323308270676,
        "f1-score": 0.9729323308270676,
        "support": 665.0
    }
}