{
    "Hemorrhagic": {
        "precision": [
            0.99,
            0.9583333333333334,
            1.0,
            0.9814814814814815,
            0.9719626168224299,
            0.9834710743801653,
            0.9897959183673469,
            0.9568965517241379,
            0.9545454545454546,
            0.9702970297029703
        ],
        "recall": [
            0.9252336448598131,
            0.9426229508196722,
            0.9418604651162791,
            0.9298245614035088,
            0.9454545454545454,
            0.967479674796748,
            0.9897959183673469,
            0.925,
            0.9545454545454546,
            0.9514563106796117
        ],
        "f1-score": [
            0.9565217391304348,
            0.950413223140496,
            0.970059880239521,
            0.954954954954955,
            0.9585253456221198,
            0.9754098360655739,
            0.9897959183673469,
            0.9406779661016949,
            0.9545454545454546,
            0.9607843137254902
        ]
    },
    "Ischemic": {
        "precision": [
            0.9763779527559056,
            0.9885057471264368,
            0.9262295081967213,
            0.9603174603174603,
            0.9572649572649573,
            0.9646017699115044,
            0.967741935483871,
            0.9611650485436893,
            0.9479166666666666,
            0.9298245614035088
        ],
        "recall": [
            0.992,
            0.9247311827956989,
            0.9576271186440678,
            0.9758064516129032,
            0.9411764705882353,
            0.9396551724137931,
            0.967741935483871,
            0.9519230769230769,
            0.9479166666666666,
            0.954954954954955
        ],
        "f1-score": [
            0.9841269841269842,
            0.9555555555555556,
            0.9416666666666667,
            0.9680000000000001,
            0.9491525423728814,
            0.9519650655021834,
            0.967741935483871,
            0.9565217391304348,
            0.9479166666666666,
            0.9422222222222222
        ]
    },
    "Normal": {
        "precision": [
            0.9794520547945206,
            0.9737991266375546,
            0.9891774891774892,
            0.9791183294663574,
            0.9795918367346939,
            0.9767981438515081,
            0.9887133182844243,
            0.9775784753363229,
            0.9825708061002179,
            0.9866666666666667
        ],
        "recall": [
            0.9907621247113164,
            0.9911111111111112,
            0.9913232104121475,
            0.9882903981264637,
            0.9908256880733946,
            0.9882629107981221,
            0.9887133182844243,
            0.9886621315192744,
            0.9825708061002179,
            0.9844789356984479
        ],
        "f1-score": [
            0.9850746268656716,
            0.9823788546255506,
            0.9902491874322861,
            0.9836829836829838,
            0.9851767388825542,
            0.9824970828471412,
            0.9887133182844243,
            0.9830890642615558,
            0.9825708061002179,
            0.9855715871254163
        ]
    }
}