{
    "Normal": {
        "precision": 0.9757442116868799,
        "recall": 0.9899328859060402,
        "f1-score": 0.9827873403664631,
        "support": 894.0
    },
    "Stroke": {
        "precision": 0.9787234042553191,
        "recall": 0.9495412844036697,
        "f1-score": 0.9639115250291036,
        "support": 436.0
    },
    "micro avg": {
        "precision": 0.9766917293233083,
        "recall": 0.9766917293233083,
        "f1-score": 0.9766917293233083,
        "support": 1330.0
    },
    "macro avg": {
        "precision": 0.9772338079710995,
        "recall": 0.969737085154855,
        "f1-score": 0.9733494326977834,
        "support": 1330.0
    },
    "weighted avg": {
        "precision": 0.9767208492506689,
        "recall": 0.9766917293233083,
        "f1-score": 0.9765994790979753,
        "support": 1330.0
    },
    "samples avg": {
        "precision": 0.9766917293233083,
        "recall": 0.9766917293233083,
        "f1-score": 0.9766917293233083,
        "support": 1330.0
    }
}