{
    "Hemorrhagic": {
        "precision": 0.9803921568627451,
        "recall": 0.970873786407767,
        "f1-score": 0.975609756097561,
        "support": 103.0
    },
    "Ischemic": {
        "precision": 0.9905660377358491,
        "recall": 0.9459459459459459,
        "f1-score": 0.967741935483871,
        "support": 111.0
    },
    "Normal": {
        "precision": 0.9846827133479212,
        "recall": 0.9977827050997783,
        "f1-score": 0.9911894273127754,
        "support": 451.0
    },
    "micro avg": {
        "precision": 0.9849624060150376,
        "recall": 0.9849624060150376,
        "f1-score": 0.9849624060150376,
        "support": 665.0
    },
    "macro avg": {
        "precision": 0.9852136359821717,
        "recall": 0.9715341458178305,
        "f1-score": 0.9781803729647357,
        "support": 665.0
    },
    "weighted avg": {
        "precision": 0.9850001895721121,
        "recall": 0.9849624060150376,
        "f1-score": 0.9848625435110078,
        "support": 665.0
    },
    "samples avg": {
        "precision": 0.9849624060150376,
        "recall": 0.9849624060150376,
        "f1-score": 0.9849624060150376,
        "support": 665.0
    }
}