{
    "Hemorrhagic": {
        "precision": 0.8439201451905626,
        "recall": 0.862708719851577,
        "f1-score": 0.853211009174312,
        "support": 539.0
    },
    "Ischemic": {
        "precision": 0.6010230179028133,
        "recall": 0.8117443868739206,
        "f1-score": 0.6906686260102866,
        "support": 579.0
    },
    "Normal": {
        "precision": 0.947289156626506,
        "recall": 0.8550067965564114,
        "f1-score": 0.8987854251012146,
        "support": 2207.0
    },
    "micro avg": {
        "precision": 0.8487218045112782,
        "recall": 0.8487218045112782,
        "f1-score": 0.8487218045112782,
        "support": 3325.0
    },
    "macro avg": {
        "precision": 0.7974107732399607,
        "recall": 0.8431533010939697,
        "f1-score": 0.8142216867619378,
        "support": 3325.0
    },
    "weighted avg": {
        "precision": 0.8702353246009447,
        "recall": 0.8487218045112782,
        "f1-score": 0.8551570831889596,
        "support": 3325.0
    },
    "samples avg": {
        "precision": 0.8487218045112782,
        "recall": 0.8487218045112782,
        "f1-score": 0.8487218045112782,
        "support": 3325.0
    }
}