{
    "Hemorrhagic": {
        "precision": 0.979381443298969,
        "recall": 0.8878504672897196,
        "f1-score": 0.9313725490196078,
        "support": 107.0
    },
    "Ischemic": {
        "precision": 0.96,
        "recall": 0.96,
        "f1-score": 0.96,
        "support": 125.0
    },
    "Normal": {
        "precision": 0.9706546275395034,
        "recall": 0.9930715935334873,
        "f1-score": 0.9817351598173516,
        "support": 433.0
    },
    "micro avg": {
        "precision": 0.9699248120300752,
        "recall": 0.9699248120300752,
        "f1-score": 0.9699248120300752,
        "support": 665.0
    },
    "macro avg": {
        "precision": 0.9700120236128242,
        "recall": 0.9469740202744023,
        "f1-score": 0.9577025696123197,
        "support": 665.0
    },
    "weighted avg": {
        "precision": 0.9700560423422475,
        "recall": 0.9699248120300752,
        "f1-score": 0.9695461457834754,
        "support": 665.0
    },
    "samples avg": {
        "precision": 0.9699248120300752,
        "recall": 0.9699248120300752,
        "f1-score": 0.9699248120300752,
        "support": 665.0
    }
}