{
    "Hemorrhagic": {
        "precision": 0.5123395853899309,
        "recall": 0.9368231046931408,
        "f1-score": 0.6624122527121888,
        "support": 554.0
    },
    "Ischemic": {
        "precision": 0.4434561626429479,
        "recall": 0.6333938294010889,
        "f1-score": 0.5216741405082213,
        "support": 551.0
    },
    "Normal": {
        "precision": 0.958688524590164,
        "recall": 0.6585585585585586,
        "f1-score": 0.7807743658210949,
        "support": 2220.0
    },
    "micro avg": {
        "precision": 0.7007518796992481,
        "recall": 0.7007518796992481,
        "f1-score": 0.7007518796992481,
        "support": 3325.0
    },
    "macro avg": {
        "precision": 0.6381614242076808,
        "recall": 0.7429251642175961,
        "f1-score": 0.6549535863471684,
        "support": 3325.0
    },
    "weighted avg": {
        "precision": 0.7989380452669022,
        "recall": 0.7007518796992481,
        "f1-score": 0.7181166711414778,
        "support": 3325.0
    },
    "samples avg": {
        "precision": 0.7007518796992481,
        "recall": 0.7007518796992481,
        "f1-score": 0.7007518796992481,
        "support": 3325.0
    }
}