{
    "Hemorrhagic": {
        "precision": 0.9826086956521739,
        "recall": 0.9262295081967213,
        "f1-score": 0.9535864978902953,
        "support": 122.0
    },
    "Ischemic": {
        "precision": 0.9139784946236559,
        "recall": 0.9139784946236559,
        "f1-score": 0.9139784946236559,
        "support": 93.0
    },
    "Normal": {
        "precision": 0.973741794310722,
        "recall": 0.9888888888888889,
        "f1-score": 0.9812568908489526,
        "support": 450.0
    },
    "micro avg": {
        "precision": 0.9669172932330827,
        "recall": 0.9669172932330827,
        "f1-score": 0.9669172932330827,
        "support": 665.0
    },
    "macro avg": {
        "precision": 0.9567763281955172,
        "recall": 0.9430322972364221,
        "f1-score": 0.9496072944543013,
        "support": 665.0
    },
    "weighted avg": {
        "precision": 0.9670106290366769,
        "recall": 0.9669172932330827,
        "f1-score": 0.9667716595859318,
        "support": 665.0
    },
    "samples avg": {
        "precision": 0.9669172932330827,
        "recall": 0.9669172932330827,
        "f1-score": 0.9669172932330827,
        "support": 665.0
    }
}