{
    "Hemorrhagic": {
        "precision": 0.9878048780487805,
        "recall": 0.9418604651162791,
        "f1-score": 0.9642857142857143,
        "support": 86.0
    },
    "Ischemic": {
        "precision": 0.9262295081967213,
        "recall": 0.9576271186440678,
        "f1-score": 0.9416666666666667,
        "support": 118.0
    },
    "Normal": {
        "precision": 0.9848156182212582,
        "recall": 0.9848156182212582,
        "f1-score": 0.9848156182212582,
        "support": 461.0
    },
    "micro avg": {
        "precision": 0.9744360902255639,
        "recall": 0.9744360902255639,
        "f1-score": 0.9744360902255639,
        "support": 665.0
    },
    "macro avg": {
        "precision": 0.9662833348222533,
        "recall": 0.961434400660535,
        "f1-score": 0.9635893330578797,
        "support": 665.0
    },
    "weighted avg": {
        "precision": 0.9748064683900876,
        "recall": 0.9744360902255639,
        "f1-score": 0.9745041174364483,
        "support": 665.0
    },
    "samples avg": {
        "precision": 0.9744360902255639,
        "recall": 0.9744360902255639,
        "f1-score": 0.9744360902255639,
        "support": 665.0
    }
}