{
    "Hemorrhagic": {
        "precision": 0.9736842105263158,
        "recall": 0.9736842105263158,
        "f1-score": 0.9736842105263158,
        "support": 114.0
    },
    "Ischemic": {
        "precision": 0.975,
        "recall": 0.9435483870967742,
        "f1-score": 0.9590163934426231,
        "support": 124.0
    },
    "Normal": {
        "precision": 0.9814385150812065,
        "recall": 0.990632318501171,
        "f1-score": 0.986013986013986,
        "support": 427.0
    },
    "micro avg": {
        "precision": 0.9789473684210527,
        "recall": 0.9789473684210527,
        "f1-score": 0.9789473684210527,
        "support": 665.0
    },
    "macro avg": {
        "precision": 0.9767075752025075,
        "recall": 0.9692883053747536,
        "f1-score": 0.9729048633276417,
        "support": 665.0
    },
    "weighted avg": {
        "precision": 0.9789086405107897,
        "recall": 0.9789473684210527,
        "f1-score": 0.9788661726539208,
        "support": 665.0
    },
    "samples avg": {
        "precision": 0.9789473684210527,
        "recall": 0.9789473684210527,
        "f1-score": 0.9789473684210527,
        "support": 665.0
    }
}