{
    "Hemorrhagic": {
        "precision": 0.9809523809523809,
        "recall": 0.9363636363636364,
        "f1-score": 0.958139534883721,
        "support": 110.0
    },
    "Ischemic": {
        "precision": 0.9322033898305084,
        "recall": 0.9243697478991597,
        "f1-score": 0.9282700421940928,
        "support": 119.0
    },
    "Normal": {
        "precision": 0.9751131221719457,
        "recall": 0.9885321100917431,
        "f1-score": 0.9817767653758542,
        "support": 436.0
    },
    "micro avg": {
        "precision": 0.968421052631579,
        "recall": 0.968421052631579,
        "f1-score": 0.968421052631579,
        "support": 665.0
    },
    "macro avg": {
        "precision": 0.9627562976516116,
        "recall": 0.9497551647848463,
        "f1-score": 0.9560621141512226,
        "support": 665.0
    },
    "weighted avg": {
        "precision": 0.9684004309196402,
        "recall": 0.968421052631579,
        "f1-score": 0.968291960243878,
        "support": 665.0
    },
    "samples avg": {
        "precision": 0.968421052631579,
        "recall": 0.968421052631579,
        "f1-score": 0.968421052631579,
        "support": 665.0
    }
}