{
    "Hemorrhagic": {
        "precision": 0.975609756097561,
        "recall": 0.975609756097561,
        "f1-score": 0.975609756097561,
        "support": 123.0
    },
    "Ischemic": {
        "precision": 0.9203539823008849,
        "recall": 0.896551724137931,
        "f1-score": 0.908296943231441,
        "support": 116.0
    },
    "Normal": {
        "precision": 0.9743589743589743,
        "recall": 0.9812206572769953,
        "f1-score": 0.9777777777777779,
        "support": 426.0
    },
    "micro avg": {
        "precision": 0.9654135338345865,
        "recall": 0.9654135338345865,
        "f1-score": 0.9654135338345865,
        "support": 665.0
    },
    "macro avg": {
        "precision": 0.9567742375858068,
        "recall": 0.9511273791708291,
        "f1-score": 0.9538948257022599,
        "support": 665.0
    },
    "weighted avg": {
        "precision": 0.9651699022914673,
        "recall": 0.9654135338345865,
        "f1-score": 0.9652568101476399,
        "support": 665.0
    },
    "samples avg": {
        "precision": 0.9654135338345865,
        "recall": 0.9654135338345865,
        "f1-score": 0.9654135338345865,
        "support": 665.0
    }
}