{
    "Hemorrhagic": {
        "precision": 0.9897959183673469,
        "recall": 0.9897959183673469,
        "f1-score": 0.9897959183673469,
        "support": 98.0
    },
    "Ischemic": {
        "precision": 1.0,
        "recall": 0.9516129032258065,
        "f1-score": 0.9752066115702479,
        "support": 124.0
    },
    "Normal": {
        "precision": 0.9844097995545658,
        "recall": 0.9977426636568849,
        "f1-score": 0.9910313901345292,
        "support": 443.0
    },
    "micro avg": {
        "precision": 0.98796992481203,
        "recall": 0.98796992481203,
        "f1-score": 0.98796992481203,
        "support": 665.0
    },
    "macro avg": {
        "precision": 0.9914019059739708,
        "recall": 0.9797171617500128,
        "f1-score": 0.9853446400240413,
        "support": 665.0
    },
    "weighted avg": {
        "precision": 0.9881105882746958,
        "recall": 0.98796992481203,
        "f1-score": 0.9878985348335445,
        "support": 665.0
    },
    "samples avg": {
        "precision": 0.98796992481203,
        "recall": 0.98796992481203,
        "f1-score": 0.98796992481203,
        "support": 665.0
    }
}