{
    "Hemorrhagic": {
        "precision": 0.9818181818181818,
        "recall": 0.9,
        "f1-score": 0.9391304347826087,
        "support": 120.0
    },
    "Ischemic": {
        "precision": 0.9306930693069307,
        "recall": 0.9038461538461539,
        "f1-score": 0.9170731707317074,
        "support": 104.0
    },
    "Normal": {
        "precision": 0.9625550660792952,
        "recall": 0.9909297052154195,
        "f1-score": 0.976536312849162,
        "support": 441.0
    },
    "micro avg": {
        "precision": 0.9609022556390977,
        "recall": 0.9609022556390977,
        "f1-score": 0.9609022556390977,
        "support": 665.0
    },
    "macro avg": {
        "precision": 0.958355439068136,
        "recall": 0.9315919530205244,
        "f1-score": 0.9442466394544926,
        "support": 665.0
    },
    "weighted avg": {
        "precision": 0.9610481882211606,
        "recall": 0.9609022556390977,
        "f1-score": 0.9604868810473551,
        "support": 665.0
    },
    "samples avg": {
        "precision": 0.9609022556390977,
        "recall": 0.9609022556390977,
        "f1-score": 0.9609022556390977,
        "support": 665.0
    }
}