{
    "Hemorrhagic": {
        "precision": 0.9901960784313726,
        "recall": 0.9181818181818182,
        "f1-score": 0.9528301886792454,
        "support": 110.0
    },
    "Ischemic": {
        "precision": 0.9361702127659575,
        "recall": 0.9166666666666666,
        "f1-score": 0.9263157894736843,
        "support": 96.0
    },
    "Normal": {
        "precision": 0.9680170575692963,
        "recall": 0.9891067538126361,
        "f1-score": 0.978448275862069,
        "support": 459.0
    },
    "micro avg": {
        "precision": 0.9669172932330827,
        "recall": 0.9669172932330827,
        "f1-score": 0.9669172932330827,
        "support": 665.0
    },
    "macro avg": {
        "precision": 0.9647944495888755,
        "recall": 0.9413184128870403,
        "f1-score": 0.9525314180049995,
        "support": 665.0
    },
    "weighted avg": {
        "precision": 0.967088328537278,
        "recall": 0.9669172932330827,
        "f1-score": 0.9666848047592185,
        "support": 665.0
    },
    "samples avg": {
        "precision": 0.9669172932330827,
        "recall": 0.9669172932330827,
        "f1-score": 0.9669172932330827,
        "support": 665.0
    }
}