{
    "Hemorrhagic": {
        "precision": [
            0.8439201451905626,
            0.5123395853899309
        ],
        "recall": [
            0.862708719851577,
            0.9368231046931408
        ],
        "f1-score": [
            0.853211009174312,
            0.6624122527121888
        ]
    },
    "Ischemic": {
        "precision": [
            0.6010230179028133,
            0.4434561626429479
        ],
        "recall": [
            0.8117443868739206,
            0.6333938294010889
        ],
        "f1-score": [
            0.6906686260102866,
            0.5216741405082213
        ]
    },
    "Normal": {
        "precision": [
            0.947289156626506,
            0.958688524590164
        ],
        "recall": [
            0.8550067965564114,
            0.6585585585585586
        ],
        "f1-score": [
            0.8987854251012146,
            0.7807743658210949
        ]
    }
}