{
    "Hemorrhagic": {
        "precision": [
            0.979381443298969,
            0.9826086956521739,
            0.9878048780487805,
            0.9736842105263158,
            0.9809523809523809,
            0.975609756097561,
            0.9897959183673469,
            0.9818181818181818,
            0.9901960784313726,
            0.9803921568627451
        ],
        "recall": [
            0.8878504672897196,
            0.9262295081967213,
            0.9418604651162791,
            0.9736842105263158,
            0.9363636363636364,
            0.975609756097561,
            0.9897959183673469,
            0.9,
            0.9181818181818182,
            0.970873786407767
        ],
        "f1-score": [
            0.9313725490196078,
            0.9535864978902953,
            0.9642857142857143,
            0.9736842105263158,
            0.958139534883721,
            0.975609756097561,
            0.9897959183673469,
            0.9391304347826087,
            0.9528301886792454,
            0.975609756097561
        ]
    },
    "Ischemic": {
        "precision": [
            0.96,
            0.9139784946236559,
            0.9262295081967213,
            0.975,
            0.9322033898305084,
            0.9203539823008849,
            1.0,
            0.9306930693069307,
            0.9361702127659575,
            0.9905660377358491
        ],
        "recall": [
            0.96,
            0.9139784946236559,
            0.9576271186440678,
            0.9435483870967742,
            0.9243697478991597,
            0.896551724137931,
            0.9516129032258065,
            0.9038461538461539,
            0.9166666666666666,
            0.9459459459459459
        ],
        "f1-score": [
            0.96,
            0.9139784946236559,
            0.9416666666666667,
            0.9590163934426231,
            0.9282700421940928,
            0.908296943231441,
            0.9752066115702479,
            0.9170731707317074,
            0.9263157894736843,
            0.967741935483871
        ]
    },
    "Normal": {
        "precision": [
            0.9706546275395034,
            0.973741794310722,
            0.9848156182212582,
            0.9814385150812065,
            0.9751131221719457,
            0.9743589743589743,
            0.9844097995545658,
            0.9625550660792952,
            0.9680170575692963,
            0.9846827133479212
        ],
        "recall": [
            0.9930715935334873,
            0.9888888888888889,
            0.9848156182212582,
            0.990632318501171,
            0.9885321100917431,
            0.9812206572769953,
            0.9977426636568849,
            0.9909297052154195,
            0.9891067538126361,
            0.9977827050997783
        ],
        "f1-score": [
            0.9817351598173516,
            0.9812568908489526,
            0.9848156182212582,
            0.986013986013986,
            0.9817767653758542,
            0.9777777777777779,
            0.9910313901345292,
            0.976536312849162,
            0.978448275862069,
            0.9911894273127754
        ]
    }
}