{
    "Hemorrhagic": {
        "precision": {
            "mean": 0.9725570213044008,
            "std": 0.015451223244744924,
            "median": 0.9752912621359223
        },
        "recall": {
            "mean": 0.9348475387946416,
            "std": 0.0321289839786047,
            "median": 0.9357860671095214
        },
        "f1-score": {
            "mean": 0.9530805793018517,
            "std": 0.020776630311514686,
            "median": 0.9560933818804883
        }
    },
    "Ischemic": {
        "precision": {
            "mean": 0.9370646837143941,
            "std": 0.015532757206313821,
            "median": 0.9400143678160919
        },
        "recall": {
            "mean": 0.9107346295692127,
            "std": 0.025953683091121355,
            "median": 0.9208843159065628
        },
        "f1-score": {
            "mean": 0.9234865012360232,
            "std": 0.016198377168315566,
            "median": 0.9240348024940596
        }
    },
    "Normal": {
        "precision": {
            "mean": 0.9693547134076781,
            "std": 0.009596131007656878,
            "median": 0.9697471543198357
        },
        "recall": {
            "mean": 0.9854822689980758,
            "std": 0.0038949018920412977,
            "median": 0.9854367467607885
        },
        "f1-score": {
            "mean": 0.9773240649828774,
            "std": 0.005270756248749028,
            "median": 0.9782522121140467
        }
    }
}