{
    "Hemorrhagic": {
        "precision": {
            "mean": 0.9369609403262725,
            "std": 0.03438090929746263,
            "median": 0.9427992041628406
        },
        "recall": {
            "mean": 0.9331854886471712,
            "std": 0.028057530053799743,
            "median": 0.9421852618176031
        },
        "f1-score": {
            "mean": 0.9348402930206083,
            "std": 0.027804842007130372,
            "median": 0.9357057416267942
        }
    },
    "Ischemic": {
        "precision": {
            "mean": 0.8791051011153975,
            "std": 0.0559207068957529,
            "median": 0.8768939393939394
        },
        "recall": {
            "mean": 0.9060314780735264,
            "std": 0.03637182295368526,
            "median": 0.9171398289045348
        },
        "f1-score": {
            "mean": 0.891379547933707,
            "std": 0.038167009312713676,
            "median": 0.8944378654429725
        }
    },
    "Normal": {
        "precision": {
            "mean": 0.9700280993252832,
            "std": 0.010103296840152324,
            "median": 0.975024483274058
        },
        "recall": {
            "mean": 0.9633252291768091,
            "std": 0.015238258412062002,
            "median": 0.9645383942645573
        },
        "f1-score": {
            "mean": 0.9665954062400568,
            "std": 0.010037566289164203,
            "median": 0.9672785999789242
        }
    }
}