{
    "Hemorrhagic": {
        "precision": 0.9350180505415162,
        "recall": 0.7896341463414634,
        "f1-score": 0.8561983471074381,
        "support": 328.0
    },
    "Ischemic": {
        "precision": 0.7767584097859327,
        "recall": 0.7492625368731564,
        "f1-score": 0.7627627627627628,
        "support": 339.0
    },
    "Normal": {
        "precision": 0.9115744069015097,
        "recall": 0.9548192771084337,
        "f1-score": 0.9326958440603164,
        "support": 1328.0
    },
    "micro avg": {
        "precision": 0.8927318295739348,
        "recall": 0.8927318295739348,
        "f1-score": 0.8927318295739348,
        "support": 1995.0
    },
    "macro avg": {
        "precision": 0.8744502890763196,
        "recall": 0.8312386534410178,
        "f1-score": 0.8505523179768391,
        "support": 1995.0
    },
    "weighted avg": {
        "precision": 0.8925202174738112,
        "recall": 0.8927318295739348,
        "f1-score": 0.8912429650826649,
        "support": 1995.0
    },
    "samples avg": {
        "precision": 0.8927318295739348,
        "recall": 0.8927318295739348,
        "f1-score": 0.8927318295739348,
        "support": 1995.0
    }
}