{
    "Hemorrhagic": {
        "precision": 0.9594594594594594,
        "recall": 0.8658536585365854,
        "f1-score": 0.9102564102564101,
        "support": 328.0
    },
    "Ischemic": {
        "precision": 0.8121212121212121,
        "recall": 0.7905604719764012,
        "f1-score": 0.8011958146487296,
        "support": 339.0
    },
    "Normal": {
        "precision": 0.9298758217677137,
        "recall": 0.9585843373493976,
        "f1-score": 0.9440118650352243,
        "support": 1328.0
    },
    "micro avg": {
        "precision": 0.9147869674185464,
        "recall": 0.9147869674185464,
        "f1-score": 0.9147869674185464,
        "support": 1995.0
    },
    "macro avg": {
        "precision": 0.9004854977827952,
        "recall": 0.8716661559541281,
        "f1-score": 0.8851546966467879,
        "support": 1995.0
    },
    "weighted avg": {
        "precision": 0.9147302681299836,
        "recall": 0.9147869674185464,
        "f1-score": 0.9141941055121802,
        "support": 1995.0
    },
    "samples avg": {
        "precision": 0.9147869674185464,
        "recall": 0.9147869674185464,
        "f1-score": 0.9147869674185464,
        "support": 1995.0
    }
}