{
    "Hemorrhagic": {
        "precision": {
            "mean": 0.9683674661413718,
            "std": 0.01736757720719416,
            "median": 0.9701485148514851
        },
        "recall": {
            "mean": 0.9328819423787298,
            "std": 0.025506344786996274,
            "median": 0.9309316981774826
        },
        "f1-score": {
            "mean": 0.9500351574504172,
            "std": 0.015404000024731792,
            "median": 0.9490205333962709
        }
    },
    "Ischemic": {
        "precision": {
            "mean": 0.9215396282177541,
            "std": 0.018100862560006557,
            "median": 0.9251748251748252
        },
        "recall": {
            "mean": 0.9199013519182433,
            "std": 0.021471035239123467,
            "median": 0.9174426527367704
        },
        "f1-score": {
            "mean": 0.920513052749615,
            "std": 0.014364512321463645,
            "median": 0.9244205576083306
        }
    },
    "Normal": {
        "precision": {
            "mean": 0.9740367941848668,
            "std": 0.007875032506043312,
            "median": 0.9742878403483889
        },
        "recall": {
            "mean": 0.9832464669173294,
            "std": 0.0058298245662624,
            "median": 0.9841587652275308
        },
        "f1-score": {
            "mean": 0.9785965605493903,
            "std": 0.005045514812528963,
            "median": 0.977549889135255
        }
    }
}