{
    "Hemorrhagic": {
        "precision": {
            "mean": 0.9657744101431653,
            "std": 0.024305045186238373,
            "median": 0.9627898926964347
        },
        "recall": {
            "mean": 0.9281517873065426,
            "std": 0.026129107466703713,
            "median": 0.9307986406117248
        },
        "f1-score": {
            "mean": 0.9464718809136443,
            "std": 0.022923735083591558,
            "median": 0.9529152474454017
        }
    },
    "Ischemic": {
        "precision": {
            "mean": 0.9181971237074731,
            "std": 0.060873246827633315,
            "median": 0.9391576350339237
        },
        "recall": {
            "mean": 0.9190524888678407,
            "std": 0.03323642309320249,
            "median": 0.9257265406162465
        },
        "f1-score": {
            "mean": 0.9179985535379963,
            "std": 0.0443383343857405,
            "median": 0.9307034648267587
        }
    },
    "Normal": {
        "precision": {
            "mean": 0.9704130225302254,
            "std": 0.008399909273743384,
            "median": 0.9713083509265775
        },
        "recall": {
            "mean": 0.9795588178104635,
            "std": 0.01573890671974634,
            "median": 0.9829431316917597
        },
        "f1-score": {
            "mean": 0.9749233101142819,
            "std": 0.010945904845477278,
            "median": 0.9765211640211641
        }
    }
}