{
    "Hemorrhagic": {
        "precision": 0.9900990099009901,
        "recall": 0.970873786407767,
        "f1-score": 0.9803921568627452,
        "support": 103.0
    },
    "Ischemic": {
        "precision": 0.9724770642201835,
        "recall": 0.954954954954955,
        "f1-score": 0.9636363636363636,
        "support": 111.0
    },
    "Normal": {
        "precision": 0.9846153846153847,
        "recall": 0.9933481152993349,
        "f1-score": 0.9889624724061811,
        "support": 451.0
    },
    "micro avg": {
        "precision": 0.9834586466165414,
        "recall": 0.9834586466165414,
        "f1-score": 0.9834586466165414,
        "support": 665.0
    },
    "macro avg": {
        "precision": 0.9823971529121861,
        "recall": 0.9730589522206857,
        "f1-score": 0.9776636643017632,
        "support": 665.0
    },
    "weighted avg": {
        "precision": 0.983438632495911,
        "recall": 0.9834586466165414,
        "f1-score": 0.9834076745499049,
        "support": 665.0
    },
    "samples avg": {
        "precision": 0.9834586466165414,
        "recall": 0.9834586466165414,
        "f1-score": 0.9834586466165414,
        "support": 665.0
    }
}