{
    "Hemorrhagic": {
        "precision": 0.98989898989899,
        "recall": 0.9514563106796117,
        "f1-score": 0.9702970297029703,
        "support": 103.0
    },
    "Ischemic": {
        "precision": 0.9210526315789473,
        "recall": 0.9459459459459459,
        "f1-score": 0.9333333333333332,
        "support": 111.0
    },
    "Normal": {
        "precision": 0.9845132743362832,
        "recall": 0.9866962305986696,
        "f1-score": 0.9856035437430786,
        "support": 451.0
    },
    "micro avg": {
        "precision": 0.9744360902255639,
        "recall": 0.9744360902255639,
        "f1-score": 0.9744360902255639,
        "support": 665.0
    },
    "macro avg": {
        "precision": 0.9651549652714069,
        "recall": 0.9613661624080758,
        "f1-score": 0.9630779689264607,
        "support": 665.0
    },
    "weighted avg": {
        "precision": 0.974754774121087,
        "recall": 0.9744360902255639,
        "f1-score": 0.9745079583271192,
        "support": 665.0
    },
    "samples avg": {
        "precision": 0.9744360902255639,
        "recall": 0.9744360902255639,
        "f1-score": 0.9744360902255639,
        "support": 665.0
    }
}