{
    "Hemorrhagic": {
        "precision": 0.9607843137254902,
        "recall": 0.9158878504672897,
        "f1-score": 0.9377990430622011,
        "support": 107.0
    },
    "Ischemic": {
        "precision": 0.9609375,
        "recall": 0.984,
        "f1-score": 0.9723320158102766,
        "support": 125.0
    },
    "Normal": {
        "precision": 0.9839080459770115,
        "recall": 0.9884526558891455,
        "f1-score": 0.9861751152073733,
        "support": 433.0
    },
    "micro avg": {
        "precision": 0.9759398496240601,
        "recall": 0.9759398496240601,
        "f1-score": 0.9759398496240601,
        "support": 665.0
    },
    "macro avg": {
        "precision": 0.9685432865675007,
        "recall": 0.9627801687854785,
        "f1-score": 0.9654353913599504,
        "support": 665.0
    },
    "weighted avg": {
        "precision": 0.9758696134987572,
        "recall": 0.9759398496240601,
        "f1-score": 0.9757892097274177,
        "support": 665.0
    },
    "samples avg": {
        "precision": 0.9759398496240601,
        "recall": 0.9759398496240601,
        "f1-score": 0.9759398496240601,
        "support": 665.0
    }
}