{
    "Hemorrhagic": {
        "precision": 0.9252336448598131,
        "recall": 0.9252336448598131,
        "f1-score": 0.9252336448598131,
        "support": 107.0
    },
    "Ischemic": {
        "precision": 0.90625,
        "recall": 0.928,
        "f1-score": 0.9169960474308302,
        "support": 125.0
    },
    "Normal": {
        "precision": 0.9720930232558139,
        "recall": 0.9653579676674365,
        "f1-score": 0.9687137891077636,
        "support": 433.0
    },
    "micro avg": {
        "precision": 0.9518796992481203,
        "recall": 0.9518796992481203,
        "f1-score": 0.9518796992481203,
        "support": 665.0
    },
    "macro avg": {
        "precision": 0.9345255560385423,
        "recall": 0.9395305375090831,
        "f1-score": 0.9369811604661357,
        "support": 665.0
    },
    "weighted avg": {
        "precision": 0.9521767354432592,
        "recall": 0.9518796992481203,
        "f1-score": 0.9519963558082938,
        "support": 665.0
    },
    "samples avg": {
        "precision": 0.9518796992481203,
        "recall": 0.9518796992481203,
        "f1-score": 0.9518796992481203,
        "support": 665.0
    }
}