{
    "Hemorrhagic": {
        "precision": 0.9519230769230769,
        "recall": 0.9252336448598131,
        "f1-score": 0.938388625592417,
        "support": 107.0
    },
    "Ischemic": {
        "precision": 0.9224806201550387,
        "recall": 0.952,
        "f1-score": 0.937007874015748,
        "support": 125.0
    },
    "Normal": {
        "precision": 0.9791666666666666,
        "recall": 0.976905311778291,
        "f1-score": 0.9780346820809248,
        "support": 433.0
    },
    "micro avg": {
        "precision": 0.9639097744360903,
        "recall": 0.9639097744360903,
        "f1-score": 0.9639097744360903,
        "support": 665.0
    },
    "macro avg": {
        "precision": 0.9511901212482607,
        "recall": 0.9513796522127014,
        "f1-score": 0.9511437272296965,
        "support": 665.0
    },
    "weighted avg": {
        "precision": 0.9641278397245349,
        "recall": 0.9639097744360903,
        "f1-score": 0.96394373613744,
        "support": 665.0
    },
    "samples avg": {
        "precision": 0.9639097744360903,
        "recall": 0.9639097744360903,
        "f1-score": 0.9639097744360903,
        "support": 665.0
    }
}