{
    "Hemorrhagic": {
        "precision": 0.9803921568627451,
        "recall": 0.9345794392523364,
        "f1-score": 0.9569377990430622,
        "support": 107.0
    },
    "Ischemic": {
        "precision": 0.9682539682539683,
        "recall": 0.976,
        "f1-score": 0.9721115537848605,
        "support": 125.0
    },
    "Normal": {
        "precision": 0.9794050343249427,
        "recall": 0.9884526558891455,
        "f1-score": 0.9839080459770115,
        "support": 433.0
    },
    "micro avg": {
        "precision": 0.9774436090225563,
        "recall": 0.9774436090225563,
        "f1-score": 0.9774436090225563,
        "support": 665.0
    },
    "macro avg": {
        "precision": 0.9760170531472188,
        "recall": 0.9663440317138274,
        "f1-score": 0.9709857996016448,
        "support": 665.0
    },
    "weighted avg": {
        "precision": 0.9774677995169323,
        "recall": 0.9774436090225563,
        "f1-score": 0.9773510866597913,
        "support": 665.0
    },
    "samples avg": {
        "precision": 0.9774436090225563,
        "recall": 0.9774436090225563,
        "f1-score": 0.9774436090225563,
        "support": 665.0
    }
}