{
    "Hemorrhagic": {
        "precision": 0.9915254237288136,
        "recall": 0.9590163934426229,
        "f1-score": 0.9749999999999999,
        "support": 122.0
    },
    "Ischemic": {
        "precision": 0.9565217391304348,
        "recall": 0.946236559139785,
        "f1-score": 0.9513513513513514,
        "support": 93.0
    },
    "Normal": {
        "precision": 0.9824175824175824,
        "recall": 0.9933333333333333,
        "f1-score": 0.9878453038674033,
        "support": 450.0
    },
    "micro avg": {
        "precision": 0.9804511278195489,
        "recall": 0.9804511278195489,
        "f1-score": 0.9804511278195489,
        "support": 665.0
    },
    "macro avg": {
        "precision": 0.9768215817589435,
        "recall": 0.9661954286385804,
        "f1-score": 0.9713988850729182,
        "support": 665.0
    },
    "weighted avg": {
        "precision": 0.9804669707097109,
        "recall": 0.9804511278195489,
        "f1-score": 0.9803850562646724,
        "support": 665.0
    },
    "samples avg": {
        "precision": 0.9804511278195489,
        "recall": 0.9804511278195489,
        "f1-score": 0.9804511278195489,
        "support": 665.0
    }
}