{
    "Hemorrhagic": {
        "precision": 0.9915966386554622,
        "recall": 0.9672131147540983,
        "f1-score": 0.979253112033195,
        "support": 122.0
    },
    "Ischemic": {
        "precision": 0.8888888888888888,
        "recall": 0.946236559139785,
        "f1-score": 0.9166666666666667,
        "support": 93.0
    },
    "Normal": {
        "precision": 0.9821029082774049,
        "recall": 0.9755555555555555,
        "f1-score": 0.9788182831661092,
        "support": 450.0
    },
    "micro avg": {
        "precision": 0.9699248120300752,
        "recall": 0.9699248120300752,
        "f1-score": 0.9699248120300752,
        "support": 665.0
    },
    "macro avg": {
        "precision": 0.9541961452739187,
        "recall": 0.963001743149813,
        "f1-score": 0.9582460206219903,
        "support": 665.0
    },
    "weighted avg": {
        "precision": 0.9708086696352861,
        "recall": 0.9699248120300752,
        "f1-score": 0.9702061760793969,
        "support": 665.0
    },
    "samples avg": {
        "precision": 0.9699248120300752,
        "recall": 0.9699248120300752,
        "f1-score": 0.9699248120300752,
        "support": 665.0
    }
}