{
    "Hemorrhagic": {
        "precision": 0.9658119658119658,
        "recall": 0.9262295081967213,
        "f1-score": 0.9456066945606694,
        "support": 122.0
    },
    "Ischemic": {
        "precision": 0.9042553191489362,
        "recall": 0.9139784946236559,
        "f1-score": 0.9090909090909091,
        "support": 93.0
    },
    "Normal": {
        "precision": 0.9669603524229075,
        "recall": 0.9755555555555555,
        "f1-score": 0.9712389380530974,
        "support": 450.0
    },
    "micro avg": {
        "precision": 0.9578947368421052,
        "recall": 0.9578947368421052,
        "f1-score": 0.9578947368421052,
        "support": 665.0
    },
    "macro avg": {
        "precision": 0.9456758791279366,
        "recall": 0.9385878527919775,
        "f1-score": 0.9419788472348919,
        "support": 665.0
    },
    "weighted avg": {
        "precision": 0.9579803956394275,
        "recall": 0.9578947368421052,
        "f1-score": 0.9578451028657895,
        "support": 665.0
    },
    "samples avg": {
        "precision": 0.9578947368421052,
        "recall": 0.9578947368421052,
        "f1-score": 0.9578947368421052,
        "support": 665.0
    }
}