{
    "Hemorrhagic": {
        "precision": 0.9669421487603306,
        "recall": 0.9590163934426229,
        "f1-score": 0.962962962962963,
        "support": 122.0
    },
    "Ischemic": {
        "precision": 0.9166666666666666,
        "recall": 0.946236559139785,
        "f1-score": 0.9312169312169313,
        "support": 93.0
    },
    "Normal": {
        "precision": 0.9866071428571429,
        "recall": 0.9822222222222222,
        "f1-score": 0.9844097995545658,
        "support": 450.0
    },
    "micro avg": {
        "precision": 0.9729323308270676,
        "recall": 0.9729323308270676,
        "f1-score": 0.9729323308270676,
        "support": 665.0
    },
    "macro avg": {
        "precision": 0.95673865276138,
        "recall": 0.9624917249348767,
        "f1-score": 0.9595298979114867,
        "support": 665.0
    },
    "weighted avg": {
        "precision": 0.9732182803525934,
        "recall": 0.9729323308270676,
        "f1-score": 0.9730361892995649,
        "support": 665.0
    },
    "samples avg": {
        "precision": 0.9729323308270676,
        "recall": 0.9729323308270676,
        "f1-score": 0.9729323308270676,
        "support": 665.0
    }
}