{
    "Hemorrhagic": {
        "precision": 0.9879518072289156,
        "recall": 0.9534883720930233,
        "f1-score": 0.9704142011834319,
        "support": 86.0
    },
    "Ischemic": {
        "precision": 0.9338842975206612,
        "recall": 0.9576271186440678,
        "f1-score": 0.9456066945606695,
        "support": 118.0
    },
    "Normal": {
        "precision": 0.9869848156182213,
        "recall": 0.9869848156182213,
        "f1-score": 0.9869848156182213,
        "support": 461.0
    },
    "micro avg": {
        "precision": 0.9774436090225563,
        "recall": 0.9774436090225563,
        "f1-score": 0.9774436090225563,
        "support": 665.0
    },
    "macro avg": {
        "precision": 0.9696069734559328,
        "recall": 0.9660334354517707,
        "f1-score": 0.9676685704541076,
        "support": 665.0
    },
    "weighted avg": {
        "precision": 0.9776875226001877,
        "recall": 0.9774436090225563,
        "f1-score": 0.9774995658044122,
        "support": 665.0
    },
    "samples avg": {
        "precision": 0.9774436090225563,
        "recall": 0.9774436090225563,
        "f1-score": 0.9774436090225563,
        "support": 665.0
    }
}