{
    "Hemorrhagic": {
        "precision": 0.9634146341463414,
        "recall": 0.9186046511627907,
        "f1-score": 0.9404761904761905,
        "support": 86.0
    },
    "Ischemic": {
        "precision": 0.9152542372881356,
        "recall": 0.9152542372881356,
        "f1-score": 0.9152542372881356,
        "support": 118.0
    },
    "Normal": {
        "precision": 0.9698924731182795,
        "recall": 0.9783080260303688,
        "f1-score": 0.9740820734341253,
        "support": 461.0
    },
    "micro avg": {
        "precision": 0.9593984962406015,
        "recall": 0.9593984962406015,
        "f1-score": 0.9593984962406015,
        "support": 665.0
    },
    "macro avg": {
        "precision": 0.9495204481842522,
        "recall": 0.937388971493765,
        "f1-score": 0.9432708337328171,
        "support": 665.0
    },
    "weighted avg": {
        "precision": 0.9593595317956576,
        "recall": 0.9593984962406015,
        "f1-score": 0.9592974259159159,
        "support": 665.0
    },
    "samples avg": {
        "precision": 0.9593984962406015,
        "recall": 0.9593984962406015,
        "f1-score": 0.9593984962406015,
        "support": 665.0
    }
}