{
    "Hemorrhagic": {
        "precision": 0.9,
        "recall": 0.9418604651162791,
        "f1-score": 0.9204545454545455,
        "support": 86.0
    },
    "Ischemic": {
        "precision": 0.905982905982906,
        "recall": 0.8983050847457628,
        "f1-score": 0.902127659574468,
        "support": 118.0
    },
    "Normal": {
        "precision": 0.9737991266375546,
        "recall": 0.9674620390455532,
        "f1-score": 0.970620239390642,
        "support": 461.0
    },
    "micro avg": {
        "precision": 0.9518796992481203,
        "recall": 0.9518796992481203,
        "f1-score": 0.9518796992481203,
        "support": 665.0
    },
    "macro avg": {
        "precision": 0.9265940108734868,
        "recall": 0.9358758629691984,
        "f1-score": 0.9310674814732186,
        "support": 665.0
    },
    "weighted avg": {
        "precision": 0.9522216244900685,
        "recall": 0.9518796992481203,
        "f1-score": 0.9519790753352844,
        "support": 665.0
    },
    "samples avg": {
        "precision": 0.9518796992481203,
        "recall": 0.9518796992481203,
        "f1-score": 0.9518796992481203,
        "support": 665.0
    }
}