{
    "Hemorrhagic": {
        "precision": 0.9882352941176471,
        "recall": 0.9767441860465116,
        "f1-score": 0.9824561403508771,
        "support": 86.0
    },
    "Ischemic": {
        "precision": 0.926829268292683,
        "recall": 0.9661016949152542,
        "f1-score": 0.946058091286307,
        "support": 118.0
    },
    "Normal": {
        "precision": 0.9890590809628009,
        "recall": 0.9804772234273319,
        "f1-score": 0.9847494553376906,
        "support": 461.0
    },
    "micro avg": {
        "precision": 0.9774436090225563,
        "recall": 0.9774436090225563,
        "f1-score": 0.9774436090225563,
        "support": 665.0
    },
    "macro avg": {
        "precision": 0.9680412144577103,
        "recall": 0.9744410347963659,
        "f1-score": 0.9710878956582917,
        "support": 665.0
    },
    "weighted avg": {
        "precision": 0.9779102635736924,
        "recall": 0.9774436090225563,
        "f1-score": 0.9775873409814062,
        "support": 665.0
    },
    "samples avg": {
        "precision": 0.9774436090225563,
        "recall": 0.9774436090225563,
        "f1-score": 0.9774436090225563,
        "support": 665.0
    }
}