{
    "Hemorrhagic": {
        "precision": 0.9363636363636364,
        "recall": 0.9035087719298246,
        "f1-score": 0.9196428571428572,
        "support": 114.0
    },
    "Ischemic": {
        "precision": 0.92,
        "recall": 0.9274193548387096,
        "f1-score": 0.9236947791164659,
        "support": 124.0
    },
    "Normal": {
        "precision": 0.9604651162790697,
        "recall": 0.9672131147540983,
        "f1-score": 0.9638273045507585,
        "support": 427.0
    },
    "micro avg": {
        "precision": 0.9488721804511279,
        "recall": 0.9488721804511279,
        "f1-score": 0.9488721804511279,
        "support": 665.0
    },
    "macro avg": {
        "precision": 0.9389429175475686,
        "recall": 0.9327137471742107,
        "f1-score": 0.9357216469366939,
        "support": 665.0
    },
    "weighted avg": {
        "precision": 0.9487880589422817,
        "recall": 0.9488721804511279,
        "f1-score": 0.9487694697261675,
        "support": 665.0
    },
    "samples avg": {
        "precision": 0.9488721804511279,
        "recall": 0.9488721804511279,
        "f1-score": 0.9488721804511279,
        "support": 665.0
    }
}