{
    "Hemorrhagic": {
        "precision": 0.9380530973451328,
        "recall": 0.9298245614035088,
        "f1-score": 0.933920704845815,
        "support": 114.0
    },
    "Ischemic": {
        "precision": 0.9007633587786259,
        "recall": 0.9516129032258065,
        "f1-score": 0.9254901960784313,
        "support": 124.0
    },
    "Normal": {
        "precision": 0.9833729216152018,
        "recall": 0.9695550351288056,
        "f1-score": 0.9764150943396226,
        "support": 427.0
    },
    "micro avg": {
        "precision": 0.9593984962406015,
        "recall": 0.9593984962406015,
        "f1-score": 0.9593984962406015,
        "support": 665.0
    },
    "macro avg": {
        "precision": 0.9407297925796536,
        "recall": 0.950330833252707,
        "f1-score": 0.945275331754623,
        "support": 665.0
    },
    "weighted avg": {
        "precision": 0.9601999204745655,
        "recall": 0.9593984962406015,
        "f1-score": 0.9596345713521313,
        "support": 665.0
    },
    "samples avg": {
        "precision": 0.9593984962406015,
        "recall": 0.9593984962406015,
        "f1-score": 0.9593984962406015,
        "support": 665.0
    }
}