{
    "Hemorrhagic": {
        "precision": 0.9541284403669725,
        "recall": 0.9122807017543859,
        "f1-score": 0.9327354260089685,
        "support": 114.0
    },
    "Ischemic": {
        "precision": 0.975609756097561,
        "recall": 0.967741935483871,
        "f1-score": 0.97165991902834,
        "support": 124.0
    },
    "Normal": {
        "precision": 0.9722863741339491,
        "recall": 0.9859484777517564,
        "f1-score": 0.9790697674418604,
        "support": 427.0
    },
    "micro avg": {
        "precision": 0.9699248120300752,
        "recall": 0.9699248120300752,
        "f1-score": 0.9699248120300752,
        "support": 665.0
    },
    "macro avg": {
        "precision": 0.9673415235328275,
        "recall": 0.9553237049966711,
        "f1-score": 0.9611550374930563,
        "support": 665.0
    },
    "weighted avg": {
        "precision": 0.9697932837791409,
        "recall": 0.9699248120300752,
        "f1-score": 0.9697450514619713,
        "support": 665.0
    },
    "samples avg": {
        "precision": 0.9699248120300752,
        "recall": 0.9699248120300752,
        "f1-score": 0.9699248120300752,
        "support": 665.0
    }
}