{
    "Hemorrhagic": {
        "precision": 0.9724770642201835,
        "recall": 0.9298245614035088,
        "f1-score": 0.9506726457399103,
        "support": 114.0
    },
    "Ischemic": {
        "precision": 0.957983193277311,
        "recall": 0.9193548387096774,
        "f1-score": 0.9382716049382716,
        "support": 124.0
    },
    "Normal": {
        "precision": 0.9633867276887872,
        "recall": 0.9859484777517564,
        "f1-score": 0.974537037037037,
        "support": 427.0
    },
    "micro avg": {
        "precision": 0.9639097744360903,
        "recall": 0.9639097744360903,
        "f1-score": 0.9639097744360903,
        "support": 665.0
    },
    "macro avg": {
        "precision": 0.9646156617287606,
        "recall": 0.9450426259549808,
        "f1-score": 0.9544937625717397,
        "support": 665.0
    },
    "weighted avg": {
        "precision": 0.9639374947527812,
        "recall": 0.9639097744360903,
        "f1-score": 0.9636837224684365,
        "support": 665.0
    },
    "samples avg": {
        "precision": 0.9639097744360903,
        "recall": 0.9639097744360903,
        "f1-score": 0.9639097744360903,
        "support": 665.0
    }
}