{
    "Hemorrhagic": {
        "precision": 1.0,
        "recall": 0.9090909090909091,
        "f1-score": 0.9523809523809523,
        "support": 110.0
    },
    "Ischemic": {
        "precision": 0.9338842975206612,
        "recall": 0.9495798319327731,
        "f1-score": 0.9416666666666667,
        "support": 119.0
    },
    "Normal": {
        "precision": 0.9774774774774775,
        "recall": 0.9954128440366973,
        "f1-score": 0.9863636363636363,
        "support": 436.0
    },
    "micro avg": {
        "precision": 0.9729323308270676,
        "recall": 0.9729323308270676,
        "f1-score": 0.9729323308270676,
        "support": 665.0
    },
    "macro avg": {
        "precision": 0.9704539249993797,
        "recall": 0.9513611950201265,
        "f1-score": 0.9601370851370851,
        "support": 665.0
    },
    "weighted avg": {
        "precision": 0.9734021226844194,
        "recall": 0.9729323308270676,
        "f1-score": 0.9727440354132084,
        "support": 665.0
    },
    "samples avg": {
        "precision": 0.9729323308270676,
        "recall": 0.9729323308270676,
        "f1-score": 0.9729323308270676,
        "support": 665.0
    }
}