{
    "Hemorrhagic": {
        "precision": 0.9439252336448598,
        "recall": 0.9181818181818182,
        "f1-score": 0.9308755760368663,
        "support": 110.0
    },
    "Ischemic": {
        "precision": 0.8461538461538461,
        "recall": 0.9243697478991597,
        "f1-score": 0.8835341365461847,
        "support": 119.0
    },
    "Normal": {
        "precision": 0.9742990654205608,
        "recall": 0.9564220183486238,
        "f1-score": 0.9652777777777778,
        "support": 436.0
    },
    "micro avg": {
        "precision": 0.9443609022556391,
        "recall": 0.9443609022556391,
        "f1-score": 0.9443609022556391,
        "support": 665.0
    },
    "macro avg": {
        "precision": 0.9214593817397555,
        "recall": 0.9329911948098673,
        "f1-score": 0.9265624967869429,
        "support": 665.0
    },
    "weighted avg": {
        "precision": 0.9463435728069275,
        "recall": 0.9443609022556391,
        "f1-score": 0.944959378532575,
        "support": 665.0
    },
    "samples avg": {
        "precision": 0.9443609022556391,
        "recall": 0.9443609022556391,
        "f1-score": 0.9443609022556391,
        "support": 665.0
    }
}