{
    "Hemorrhagic": {
        "precision": 0.9626168224299065,
        "recall": 0.9363636363636364,
        "f1-score": 0.9493087557603687,
        "support": 110.0
    },
    "Ischemic": {
        "precision": 0.856,
        "recall": 0.8991596638655462,
        "f1-score": 0.8770491803278688,
        "support": 119.0
    },
    "Normal": {
        "precision": 0.9676674364896074,
        "recall": 0.9610091743119266,
        "f1-score": 0.9643268124280782,
        "support": 436.0
    },
    "micro avg": {
        "precision": 0.9458646616541353,
        "recall": 0.9458646616541353,
        "f1-score": 0.9458646616541353,
        "support": 665.0
    },
    "macro avg": {
        "precision": 0.9287614196398378,
        "recall": 0.932177491513703,
        "f1-score": 0.9302282495054385,
        "support": 665.0
    },
    "weighted avg": {
        "precision": 0.9468494026718175,
        "recall": 0.9458646616541353,
        "f1-score": 0.946224520016991,
        "support": 665.0
    },
    "samples avg": {
        "precision": 0.9458646616541353,
        "recall": 0.9458646616541353,
        "f1-score": 0.9458646616541353,
        "support": 665.0
    }
}