{
    "Hemorrhagic": {
        "precision": 0.9626168224299065,
        "recall": 0.9363636363636364,
        "f1-score": 0.9493087557603687,
        "support": 110.0
    },
    "Ischemic": {
        "precision": 0.9016393442622951,
        "recall": 0.9243697478991597,
        "f1-score": 0.9128630705394191,
        "support": 119.0
    },
    "Normal": {
        "precision": 0.9724770642201835,
        "recall": 0.9724770642201835,
        "f1-score": 0.9724770642201835,
        "support": 436.0
    },
    "micro avg": {
        "precision": 0.9578947368421052,
        "recall": 0.9578947368421052,
        "f1-score": 0.9578947368421052,
        "support": 665.0
    },
    "macro avg": {
        "precision": 0.9455777436374616,
        "recall": 0.9444034828276598,
        "f1-score": 0.944882963506657,
        "support": 665.0
    },
    "weighted avg": {
        "precision": 0.9581698232097787,
        "recall": 0.9578947368421052,
        "f1-score": 0.9579769451546336,
        "support": 665.0
    },
    "samples avg": {
        "precision": 0.9578947368421052,
        "recall": 0.9578947368421052,
        "f1-score": 0.9578947368421052,
        "support": 665.0
    }
}