{
    "Hemorrhagic": {
        "precision": 0.9296875,
        "recall": 0.967479674796748,
        "f1-score": 0.9482071713147411,
        "support": 123.0
    },
    "Ischemic": {
        "precision": 0.8677685950413223,
        "recall": 0.9051724137931034,
        "f1-score": 0.8860759493670886,
        "support": 116.0
    },
    "Normal": {
        "precision": 0.9759615384615384,
        "recall": 0.9530516431924883,
        "f1-score": 0.9643705463182898,
        "support": 426.0
    },
    "micro avg": {
        "precision": 0.9473684210526315,
        "recall": 0.9473684210526315,
        "f1-score": 0.9473684210526315,
        "support": 665.0
    },
    "macro avg": {
        "precision": 0.9244725445009535,
        "recall": 0.9419012439274465,
        "f1-score": 0.9328845556667065,
        "support": 665.0
    },
    "weighted avg": {
        "precision": 0.9485298269314417,
        "recall": 0.9473684210526315,
        "f1-score": 0.9477235262103563,
        "support": 665.0
    },
    "samples avg": {
        "precision": 0.9473684210526315,
        "recall": 0.9473684210526315,
        "f1-score": 0.9473684210526315,
        "support": 665.0
    }
}