{
    "Hemorrhagic": {
        "precision": 0.9831932773109243,
        "recall": 0.9512195121951219,
        "f1-score": 0.9669421487603305,
        "support": 123.0
    },
    "Ischemic": {
        "precision": 0.9224137931034483,
        "recall": 0.9224137931034483,
        "f1-score": 0.9224137931034483,
        "support": 116.0
    },
    "Normal": {
        "precision": 0.9744186046511628,
        "recall": 0.9835680751173709,
        "f1-score": 0.9789719626168224,
        "support": 426.0
    },
    "micro avg": {
        "precision": 0.9669172932330827,
        "recall": 0.9669172932330827,
        "f1-score": 0.9669172932330827,
        "support": 665.0
    },
    "macro avg": {
        "precision": 0.9600085583551784,
        "recall": 0.9524004601386471,
        "f1-score": 0.9561093014935337,
        "support": 665.0
    },
    "weighted avg": {
        "precision": 0.9669700732190061,
        "recall": 0.9669172932330827,
        "f1-score": 0.9668811133417848,
        "support": 665.0
    },
    "samples avg": {
        "precision": 0.9669172932330827,
        "recall": 0.9669172932330827,
        "f1-score": 0.9669172932330827,
        "support": 665.0
    }
}