{
    "Hemorrhagic": {
        "precision": 0.9916666666666667,
        "recall": 0.967479674796748,
        "f1-score": 0.9794238683127573,
        "support": 123.0
    },
    "Ischemic": {
        "precision": 0.9821428571428571,
        "recall": 0.9482758620689655,
        "f1-score": 0.9649122807017544,
        "support": 116.0
    },
    "Normal": {
        "precision": 0.9792147806004619,
        "recall": 0.9953051643192489,
        "f1-score": 0.9871944121071012,
        "support": 426.0
    },
    "micro avg": {
        "precision": 0.9819548872180451,
        "recall": 0.9819548872180451,
        "f1-score": 0.9819548872180451,
        "support": 665.0
    },
    "macro avg": {
        "precision": 0.9843414348033286,
        "recall": 0.9703535670616542,
        "f1-score": 0.9771768537072042,
        "support": 665.0
    },
    "weighted avg": {
        "precision": 0.9820286736306287,
        "recall": 0.9819548872180451,
        "f1-score": 0.9818703457466132,
        "support": 665.0
    },
    "samples avg": {
        "precision": 0.9819548872180451,
        "recall": 0.9819548872180451,
        "f1-score": 0.9819548872180451,
        "support": 665.0
    }
}