{
    "Hemorrhagic": {
        "precision": 0.96,
        "recall": 0.975609756097561,
        "f1-score": 0.9677419354838709,
        "support": 123.0
    },
    "Ischemic": {
        "precision": 0.9243697478991597,
        "recall": 0.9482758620689655,
        "f1-score": 0.9361702127659575,
        "support": 116.0
    },
    "Normal": {
        "precision": 0.9857482185273159,
        "recall": 0.9741784037558685,
        "f1-score": 0.9799291617473435,
        "support": 426.0
    },
    "micro avg": {
        "precision": 0.9699248120300752,
        "recall": 0.9699248120300752,
        "f1-score": 0.9699248120300752,
        "support": 665.0
    },
    "macro avg": {
        "precision": 0.9567059888088251,
        "recall": 0.9660213406407984,
        "f1-score": 0.9612804366657239,
        "support": 665.0
    },
    "weighted avg": {
        "precision": 0.9702791456375024,
        "recall": 0.9699248120300752,
        "f1-score": 0.970041843082309,
        "support": 665.0
    },
    "samples avg": {
        "precision": 0.9699248120300752,
        "recall": 0.9699248120300752,
        "f1-score": 0.9699248120300752,
        "support": 665.0
    }
}