{
    "Hemorrhagic": {
        "precision": 0.96875,
        "recall": 0.9489795918367347,
        "f1-score": 0.9587628865979382,
        "support": 98.0
    },
    "Ischemic": {
        "precision": 0.8712121212121212,
        "recall": 0.9274193548387096,
        "f1-score": 0.8984375,
        "support": 124.0
    },
    "Normal": {
        "precision": 0.977116704805492,
        "recall": 0.963882618510158,
        "f1-score": 0.9704545454545455,
        "support": 443.0
    },
    "micro avg": {
        "precision": 0.9548872180451128,
        "recall": 0.9548872180451128,
        "f1-score": 0.9548872180451128,
        "support": 665.0
    },
    "macro avg": {
        "precision": 0.9390262753392044,
        "recall": 0.9467605217285341,
        "f1-score": 0.9425516440174947,
        "support": 665.0
    },
    "weighted avg": {
        "precision": 0.9561360951265203,
        "recall": 0.9548872180451128,
        "f1-score": 0.9553028218390399,
        "support": 665.0
    },
    "samples avg": {
        "precision": 0.9548872180451128,
        "recall": 0.9548872180451128,
        "f1-score": 0.9548872180451128,
        "support": 665.0
    }
}