{
    "Hemorrhagic": {
        "precision": 0.9509803921568627,
        "recall": 0.9897959183673469,
        "f1-score": 0.9700000000000001,
        "support": 98.0
    },
    "Ischemic": {
        "precision": 0.9243697478991597,
        "recall": 0.8870967741935484,
        "f1-score": 0.9053497942386832,
        "support": 124.0
    },
    "Normal": {
        "precision": 0.9684684684684685,
        "recall": 0.9706546275395034,
        "f1-score": 0.9695603156708005,
        "support": 443.0
    },
    "micro avg": {
        "precision": 0.9578947368421052,
        "recall": 0.9578947368421052,
        "f1-score": 0.9578947368421052,
        "support": 665.0
    },
    "macro avg": {
        "precision": 0.9479395361748303,
        "recall": 0.9491824400334662,
        "f1-score": 0.9483033699698279,
        "support": 665.0
    },
    "weighted avg": {
        "precision": 0.9576683589509773,
        "recall": 0.9578947368421052,
        "f1-score": 0.9576520215455057,
        "support": 665.0
    },
    "samples avg": {
        "precision": 0.9578947368421052,
        "recall": 0.9578947368421052,
        "f1-score": 0.9578947368421052,
        "support": 665.0
    }
}