{
    "Hemorrhagic": {
        "precision": 0.9478260869565217,
        "recall": 0.9083333333333333,
        "f1-score": 0.9276595744680851,
        "support": 120.0
    },
    "Ischemic": {
        "precision": 0.9292929292929293,
        "recall": 0.8846153846153846,
        "f1-score": 0.9064039408866995,
        "support": 104.0
    },
    "Normal": {
        "precision": 0.9667405764966741,
        "recall": 0.9886621315192744,
        "f1-score": 0.977578475336323,
        "support": 441.0
    },
    "micro avg": {
        "precision": 0.9578947368421052,
        "recall": 0.9578947368421052,
        "f1-score": 0.9578947368421052,
        "support": 665.0
    },
    "macro avg": {
        "precision": 0.9479531975820418,
        "recall": 0.9272036164893307,
        "f1-score": 0.9372139968970359,
        "support": 665.0
    },
    "weighted avg": {
        "precision": 0.9574709613778656,
        "recall": 0.9578947368421052,
        "f1-score": 0.9574394983634668,
        "support": 665.0
    },
    "samples avg": {
        "precision": 0.9578947368421052,
        "recall": 0.9578947368421052,
        "f1-score": 0.9578947368421052,
        "support": 665.0
    }
}