{
    "Hemorrhagic": {
        "precision": 0.9652173913043478,
        "recall": 0.925,
        "f1-score": 0.9446808510638298,
        "support": 120.0
    },
    "Ischemic": {
        "precision": 0.9680851063829787,
        "recall": 0.875,
        "f1-score": 0.9191919191919191,
        "support": 104.0
    },
    "Normal": {
        "precision": 0.9605263157894737,
        "recall": 0.9931972789115646,
        "f1-score": 0.9765886287625417,
        "support": 441.0
    },
    "micro avg": {
        "precision": 0.9624060150375939,
        "recall": 0.9624060150375939,
        "f1-score": 0.9624060150375939,
        "support": 665.0
    },
    "macro avg": {
        "precision": 0.9646096044922667,
        "recall": 0.9310657596371882,
        "f1-score": 0.9468204663394303,
        "support": 665.0
    },
    "weighted avg": {
        "precision": 0.9625549523060293,
        "recall": 0.9624060150375939,
        "f1-score": 0.9618545067787971,
        "support": 665.0
    },
    "samples avg": {
        "precision": 0.9624060150375939,
        "recall": 0.9624060150375939,
        "f1-score": 0.9624060150375939,
        "support": 665.0
    }
}