{
    "Hemorrhagic": {
        "precision": 1.0,
        "recall": 0.9363636363636364,
        "f1-score": 0.9671361502347418,
        "support": 110.0
    },
    "Ischemic": {
        "precision": 0.9278350515463918,
        "recall": 0.9375,
        "f1-score": 0.9326424870466321,
        "support": 96.0
    },
    "Normal": {
        "precision": 0.9763440860215054,
        "recall": 0.9891067538126361,
        "f1-score": 0.9826839826839826,
        "support": 459.0
    },
    "micro avg": {
        "precision": 0.9729323308270676,
        "recall": 0.9729323308270676,
        "f1-score": 0.9729323308270676,
        "support": 665.0
    },
    "macro avg": {
        "precision": 0.9680597125226323,
        "recall": 0.9543234633920908,
        "f1-score": 0.9608208733217856,
        "support": 665.0
    },
    "weighted avg": {
        "precision": 0.9732542863643979,
        "recall": 0.9729323308270676,
        "f1-score": 0.9728881253146562,
        "support": 665.0
    },
    "samples avg": {
        "precision": 0.9729323308270676,
        "recall": 0.9729323308270676,
        "f1-score": 0.9729323308270676,
        "support": 665.0
    }
}