{
    "Hemorrhagic": {
        "precision": 0.963302752293578,
        "recall": 0.9545454545454546,
        "f1-score": 0.958904109589041,
        "support": 110.0
    },
    "Ischemic": {
        "precision": 0.925531914893617,
        "recall": 0.90625,
        "f1-score": 0.9157894736842105,
        "support": 96.0
    },
    "Normal": {
        "precision": 0.9718614718614719,
        "recall": 0.9782135076252724,
        "f1-score": 0.9750271444082519,
        "support": 459.0
    },
    "micro avg": {
        "precision": 0.9639097744360903,
        "recall": 0.9639097744360903,
        "f1-score": 0.9639097744360903,
        "support": 665.0
    },
    "macro avg": {
        "precision": 0.9535653796828889,
        "recall": 0.9463363207235757,
        "f1-score": 0.9499069092271678,
        "support": 665.0
    },
    "weighted avg": {
        "precision": 0.9637575671676638,
        "recall": 0.9639097744360903,
        "f1-score": 0.963808572649423,
        "support": 665.0
    },
    "samples avg": {
        "precision": 0.9639097744360903,
        "recall": 0.9639097744360903,
        "f1-score": 0.9639097744360903,
        "support": 665.0
    }
}