{
    "Hemorrhagic": {
        "precision": [
            0.9519230769230769,
            0.9669421487603306,
            0.9634146341463414,
            0.9724770642201835,
            0.9626168224299065,
            0.96,
            0.9509803921568627,
            0.9478260869565217,
            0.963302752293578,
            0.98989898989899
        ],
        "recall": [
            0.9252336448598131,
            0.9590163934426229,
            0.9186046511627907,
            0.9298245614035088,
            0.9363636363636364,
            0.975609756097561,
            0.9897959183673469,
            0.9083333333333333,
            0.9545454545454546,
            0.9514563106796117
        ],
        "f1-score": [
            0.938388625592417,
            0.962962962962963,
            0.9404761904761905,
            0.9506726457399103,
            0.9493087557603687,
            0.9677419354838709,
            0.9700000000000001,
            0.9276595744680851,
            0.958904109589041,
            0.9702970297029703
        ]
    },
    "Ischemic": {
        "precision": [
            0.9224806201550387,
            0.9166666666666666,
            0.9152542372881356,
            0.957983193277311,
            0.9016393442622951,
            0.9243697478991597,
            0.9243697478991597,
            0.9292929292929293,
            0.925531914893617,
            0.9210526315789473
        ],
        "recall": [
            0.952,
            0.946236559139785,
            0.9152542372881356,
            0.9193548387096774,
            0.9243697478991597,
            0.9482758620689655,
            0.8870967741935484,
            0.8846153846153846,
            0.90625,
            0.9459459459459459
        ],
        "f1-score": [
            0.937007874015748,
            0.9312169312169313,
            0.9152542372881356,
            0.9382716049382716,
            0.9128630705394191,
            0.9361702127659575,
            0.9053497942386832,
            0.9064039408866995,
            0.9157894736842105,
            0.9333333333333332
        ]
    },
    "Normal": {
        "precision": [
            0.9791666666666666,
            0.9866071428571429,
            0.9698924731182795,
            0.9633867276887872,
            0.9724770642201835,
            0.9857482185273159,
            0.9684684684684685,
            0.9667405764966741,
            0.9718614718614719,
            0.9845132743362832
        ],
        "recall": [
            0.976905311778291,
            0.9822222222222222,
            0.9783080260303688,
            0.9859484777517564,
            0.9724770642201835,
            0.9741784037558685,
            0.9706546275395034,
            0.9886621315192744,
            0.9782135076252724,
            0.9866962305986696
        ],
        "f1-score": [
            0.9780346820809248,
            0.9844097995545658,
            0.9740820734341253,
            0.974537037037037,
            0.9724770642201835,
            0.9799291617473435,
            0.9695603156708005,
            0.977578475336323,
            0.9750271444082519,
            0.9856035437430786
        ]
    }
}