{
    "Hemorrhagic": {
        "precision": [
            0.9803921568627451,
            0.9915254237288136,
            0.9879518072289156,
            0.9541284403669725,
            1.0,
            0.9916666666666667,
            0.9897959183673469,
            0.9652173913043478,
            1.0,
            0.9900990099009901
        ],
        "recall": [
            0.9345794392523364,
            0.9590163934426229,
            0.9534883720930233,
            0.9122807017543859,
            0.9090909090909091,
            0.967479674796748,
            0.9897959183673469,
            0.925,
            0.9363636363636364,
            0.970873786407767
        ],
        "f1-score": [
            0.9569377990430622,
            0.9749999999999999,
            0.9704142011834319,
            0.9327354260089685,
            0.9523809523809523,
            0.9794238683127573,
            0.9897959183673469,
            0.9446808510638298,
            0.9671361502347418,
            0.9803921568627452
        ]
    },
    "Ischemic": {
        "precision": [
            0.9682539682539683,
            0.9565217391304348,
            0.9338842975206612,
            0.975609756097561,
            0.9338842975206612,
            0.9821428571428571,
            0.967741935483871,
            0.9680851063829787,
            0.9278350515463918,
            0.9724770642201835
        ],
        "recall": [
            0.976,
            0.946236559139785,
            0.9576271186440678,
            0.967741935483871,
            0.9495798319327731,
            0.9482758620689655,
            0.967741935483871,
            0.875,
            0.9375,
            0.954954954954955
        ],
        "f1-score": [
            0.9721115537848605,
            0.9513513513513514,
            0.9456066945606695,
            0.97165991902834,
            0.9416666666666667,
            0.9649122807017544,
            0.967741935483871,
            0.9191919191919191,
            0.9326424870466321,
            0.9636363636363636
        ]
    },
    "Normal": {
        "precision": [
            0.9794050343249427,
            0.9824175824175824,
            0.9869848156182213,
            0.9722863741339491,
            0.9774774774774775,
            0.9792147806004619,
            0.9887133182844243,
            0.9605263157894737,
            0.9763440860215054,
            0.9846153846153847
        ],
        "recall": [
            0.9884526558891455,
            0.9933333333333333,
            0.9869848156182213,
            0.9859484777517564,
            0.9954128440366973,
            0.9953051643192489,
            0.9887133182844243,
            0.9931972789115646,
            0.9891067538126361,
            0.9933481152993349
        ],
        "f1-score": [
            0.9839080459770115,
            0.9878453038674033,
            0.9869848156182213,
            0.9790697674418604,
            0.9863636363636363,
            0.9871944121071012,
            0.9887133182844243,
            0.9765886287625417,
            0.9826839826839826,
            0.9889624724061811
        ]
    }
}