{
    "Hemorrhagic": {
        "precision": [
            0.9519230769230769,
            0.9669421487603306,
            0.9634146341463414,
            0.9724770642201835,
            0.9626168224299065,
            0.96,
            0.9509803921568627
        ],
        "recall": [
            0.9252336448598131,
            0.9590163934426229,
            0.9186046511627907,
            0.9298245614035088,
            0.9363636363636364,
            0.975609756097561,
            0.9897959183673469
        ],
        "f1-score": [
            0.938388625592417,
            0.962962962962963,
            0.9404761904761905,
            0.9506726457399103,
            0.9493087557603687,
            0.9677419354838709,
            0.9700000000000001
        ]
    },
    "Ischemic": {
        "precision": [
            0.9224806201550387,
            0.9166666666666666,
            0.9152542372881356,
            0.957983193277311,
            0.9016393442622951,
            0.9243697478991597,
            0.9243697478991597
        ],
        "recall": [
            0.952,
            0.946236559139785,
            0.9152542372881356,
            0.9193548387096774,
            0.9243697478991597,
            0.9482758620689655,
            0.8870967741935484
        ],
        "f1-score": [
            0.937007874015748,
            0.9312169312169313,
            0.9152542372881356,
            0.9382716049382716,
            0.9128630705394191,
            0.9361702127659575,
            0.9053497942386832
        ]
    },
    "Normal": {
        "precision": [
            0.9791666666666666,
            0.9866071428571429,
            0.9698924731182795,
            0.9633867276887872,
            0.9724770642201835,
            0.9857482185273159,
            0.9684684684684685
        ],
        "recall": [
            0.976905311778291,
            0.9822222222222222,
            0.9783080260303688,
            0.9859484777517564,
            0.9724770642201835,
            0.9741784037558685,
            0.9706546275395034
        ],
        "f1-score": [
            0.9780346820809248,
            0.9844097995545658,
            0.9740820734341253,
            0.974537037037037,
            0.9724770642201835,
            0.9799291617473435,
            0.9695603156708005
        ]
    }
}