{
    "Normal": {
        "precision": 0.9732142857142857,
        "recall": 0.9753914988814317,
        "f1-score": 0.9743016759776536,
        "support": 894.0
    },
    "Stroke": {
        "precision": 0.9493087557603687,
        "recall": 0.944954128440367,
        "f1-score": 0.9471264367816092,
        "support": 436.0
    },
    "micro avg": {
        "precision": 0.9654135338345865,
        "recall": 0.9654135338345865,
        "f1-score": 0.9654135338345865,
        "support": 1330.0
    },
    "macro avg": {
        "precision": 0.9612615207373272,
        "recall": 0.9601728136608993,
        "f1-score": 0.9607140563796315,
        "support": 1330.0
    },
    "weighted avg": {
        "precision": 0.9653775856692423,
        "recall": 0.9654135338345865,
        "f1-score": 0.9653931013239127,
        "support": 1330.0
    },
    "samples avg": {
        "precision": 0.9654135338345865,
        "recall": 0.9654135338345865,
        "f1-score": 0.9654135338345865,
        "support": 1330.0
    }
}