{
    "Normal": {
        "precision": 0.9713340683572216,
        "recall": 0.9854586129753915,
        "f1-score": 0.9783453636868406,
        "support": 894.0
    },
    "Stroke": {
        "precision": 0.9692671394799054,
        "recall": 0.9403669724770642,
        "f1-score": 0.9545983701979046,
        "support": 436.0
    },
    "micro avg": {
        "precision": 0.9706766917293234,
        "recall": 0.9706766917293234,
        "f1-score": 0.9706766917293234,
        "support": 1330.0
    },
    "macro avg": {
        "precision": 0.9703006039185635,
        "recall": 0.9629127927262279,
        "f1-score": 0.9664718669423726,
        "support": 1330.0
    },
    "weighted avg": {
        "precision": 0.970656488665109,
        "recall": 0.9706766917293234,
        "f1-score": 0.9705606349942268,
        "support": 1330.0
    },
    "samples avg": {
        "precision": 0.9706766917293234,
        "recall": 0.9706766917293234,
        "f1-score": 0.9706766917293234,
        "support": 1330.0
    }
}