{
    "Normal": {
        "precision": 0.9687848383500557,
        "recall": 0.9720357941834452,
        "f1-score": 0.9704075935231714,
        "support": 894.0
    },
    "Stroke": {
        "precision": 0.9422632794457275,
        "recall": 0.9357798165137615,
        "f1-score": 0.9390103567318757,
        "support": 436.0
    },
    "micro avg": {
        "precision": 0.9601503759398496,
        "recall": 0.9601503759398496,
        "f1-score": 0.9601503759398496,
        "support": 1330.0
    },
    "macro avg": {
        "precision": 0.9555240588978916,
        "recall": 0.9539078053486034,
        "f1-score": 0.9547089751275235,
        "support": 1330.0
    },
    "weighted avg": {
        "precision": 0.9600905528746518,
        "recall": 0.9601503759398496,
        "f1-score": 0.9601149655224159,
        "support": 1330.0
    },
    "samples avg": {
        "precision": 0.9601503759398496,
        "recall": 0.9601503759398496,
        "f1-score": 0.9601503759398496,
        "support": 1330.0
    }
}