{
    "Hemorrhagic": {
        "precision": {
            "mean": 0.9822243700055828,
            "std": 0.005311081616598327,
            "median": 0.9813852813852814
        },
        "recall": {
            "mean": 0.9420449566547167,
            "std": 0.032856664771873774,
            "median": 0.9391120507399577
        },
        "f1-score": {
            "mean": 0.9614044560629977,
            "std": 0.017064864355381473,
            "median": 0.9612126245847177
        }
    },
    "Ischemic": {
        "precision": {
            "mean": 0.9485194694760508,
            "std": 0.02910480222931872,
            "median": 0.934186801298233
        },
        "recall": {
            "mean": 0.931414714208616,
            "std": 0.021948052465631373,
            "median": 0.933959067497967
        },
        "f1-score": {
            "mean": 0.9397566047417989,
            "std": 0.023033932895080596,
            "median": 0.9349683544303797
        }
    },
    "Normal": {
        "precision": {
            "mean": 0.9759787288234689,
            "std": 0.00731469699310294,
            "median": 0.97473604826546
        },
        "recall": {
            "mean": 0.9902723014298264,
            "std": 0.004884859816896825,
            "median": 0.9898695361569035
        },
        "f1-score": {
            "mean": 0.9830581604213716,
            "std": 0.004897145131316729,
            "median": 0.9817559625966029
        }
    }
}