{
    "Hemorrhagic": {
        "precision": 0.5702005730659025,
        "recall": 0.6067073170731707,
        "f1-score": 0.587887740029542,
        "support": 328.0
    },
    "Ischemic": {
        "precision": 0.49148936170212765,
        "recall": 0.6814159292035398,
        "f1-score": 0.5710754017305315,
        "support": 339.0
    },
    "Normal": {
        "precision": 0.8886054421768708,
        "recall": 0.7868975903614458,
        "f1-score": 0.8346645367412141,
        "support": 1328.0
    },
    "micro avg": {
        "precision": 0.7393483709273183,
        "recall": 0.7393483709273183,
        "f1-score": 0.7393483709273183,
        "support": 1995.0
    },
    "macro avg": {
        "precision": 0.6500984589816337,
        "recall": 0.6916736122127188,
        "f1-score": 0.6645425595004292,
        "support": 1995.0
    },
    "weighted avg": {
        "precision": 0.7687762951345972,
        "recall": 0.7393483709273183,
        "f1-score": 0.7493013757938206,
        "support": 1995.0
    },
    "samples avg": {
        "precision": 0.7393483709273183,
        "recall": 0.7393483709273183,
        "f1-score": 0.7393483709273183,
        "support": 1995.0
    }
}