{
    "Normal": {
        "precision": 0.9751693002257337,
        "recall": 0.9664429530201343,
        "f1-score": 0.9707865168539327,
        "support": 894.0
    },
    "Stroke": {
        "precision": 0.9324324324324325,
        "recall": 0.9495412844036697,
        "f1-score": 0.9409090909090909,
        "support": 436.0
    },
    "micro avg": {
        "precision": 0.9609022556390977,
        "recall": 0.9609022556390977,
        "f1-score": 0.9609022556390977,
        "support": 1330.0
    },
    "macro avg": {
        "precision": 0.9538008663290831,
        "recall": 0.957992118711902,
        "f1-score": 0.9558478038815118,
        "support": 1330.0
    },
    "weighted avg": {
        "precision": 0.9611593195055237,
        "recall": 0.9609022556390977,
        "f1-score": 0.9609921125592327,
        "support": 1330.0
    },
    "samples avg": {
        "precision": 0.9609022556390977,
        "recall": 0.9609022556390977,
        "f1-score": 0.9609022556390977,
        "support": 1330.0
    }
}