{
    "Normal": {
        "precision": 0.9778761061946902,
        "recall": 0.9888143176733781,
        "f1-score": 0.9833147942157953,
        "support": 894.0
    },
    "Stroke": {
        "precision": 0.9765258215962441,
        "recall": 0.9541284403669725,
        "f1-score": 0.9651972157772623,
        "support": 436.0
    },
    "micro avg": {
        "precision": 0.9774436090225563,
        "recall": 0.9774436090225563,
        "f1-score": 0.9774436090225563,
        "support": 1330.0
    },
    "macro avg": {
        "precision": 0.9772009638954672,
        "recall": 0.9714713790201753,
        "f1-score": 0.9742560049965288,
        "support": 1330.0
    },
    "weighted avg": {
        "precision": 0.9774334565067786,
        "recall": 0.9774436090225563,
        "f1-score": 0.9773754978254191,
        "support": 1330.0
    },
    "samples avg": {
        "precision": 0.9774436090225563,
        "recall": 0.9774436090225563,
        "f1-score": 0.9774436090225563,
        "support": 1330.0
    }
}