{
    "Hemorrhagic": {
        "precision": 0.9702970297029703,
        "recall": 0.9514563106796117,
        "f1-score": 0.9607843137254902,
        "support": 103.0
    },
    "Ischemic": {
        "precision": 0.9541284403669725,
        "recall": 0.9369369369369369,
        "f1-score": 0.9454545454545454,
        "support": 111.0
    },
    "Normal": {
        "precision": 0.9824175824175824,
        "recall": 0.991130820399113,
        "f1-score": 0.9867549668874172,
        "support": 451.0
    },
    "micro avg": {
        "precision": 0.9759398496240601,
        "recall": 0.9759398496240601,
        "f1-score": 0.9759398496240601,
        "support": 665.0
    },
    "macro avg": {
        "precision": 0.9689476841625084,
        "recall": 0.9598413560052205,
        "f1-score": 0.9643312753558176,
        "support": 665.0
    },
    "weighted avg": {
        "precision": 0.975818316707473,
        "recall": 0.9759398496240601,
        "f1-score": 0.9758386901133912,
        "support": 665.0
    },
    "samples avg": {
        "precision": 0.9759398496240601,
        "recall": 0.9759398496240601,
        "f1-score": 0.9759398496240601,
        "support": 665.0
    }
}