{
    "Hemorrhagic": {
        "precision": 0.9411764705882353,
        "recall": 0.9320388349514563,
        "f1-score": 0.9365853658536586,
        "support": 103.0
    },
    "Ischemic": {
        "precision": 0.9272727272727272,
        "recall": 0.918918918918919,
        "f1-score": 0.9230769230769231,
        "support": 111.0
    },
    "Normal": {
        "precision": 0.9845474613686535,
        "recall": 0.9889135254988913,
        "f1-score": 0.9867256637168142,
        "support": 451.0
    },
    "micro avg": {
        "precision": 0.968421052631579,
        "recall": 0.968421052631579,
        "f1-score": 0.968421052631579,
        "support": 665.0
    },
    "macro avg": {
        "precision": 0.950998886409872,
        "recall": 0.9466237597897554,
        "f1-score": 0.9487959842157987,
        "support": 665.0
    },
    "weighted avg": {
        "precision": 0.9682697056768776,
        "recall": 0.968421052631579,
        "f1-score": 0.9683354969635316,
        "support": 665.0
    },
    "samples avg": {
        "precision": 0.968421052631579,
        "recall": 0.968421052631579,
        "f1-score": 0.968421052631579,
        "support": 665.0
    }
}