{
    "Hemorrhagic": {
        "precision": 0.99,
        "recall": 0.9252336448598131,
        "f1-score": 0.9565217391304348,
        "support": 107.0
    },
    "Ischemic": {
        "precision": 0.968503937007874,
        "recall": 0.984,
        "f1-score": 0.976190476190476,
        "support": 125.0
    },
    "Normal": {
        "precision": 0.9817351598173516,
        "recall": 0.9930715935334873,
        "f1-score": 0.9873708381171068,
        "support": 433.0
    },
    "micro avg": {
        "precision": 0.9804511278195489,
        "recall": 0.9804511278195489,
        "f1-score": 0.9804511278195489,
        "support": 665.0
    },
    "macro avg": {
        "precision": 0.9800796989417417,
        "recall": 0.9674350794644334,
        "f1-score": 0.9733610178126725,
        "support": 665.0
    },
    "weighted avg": {
        "precision": 0.9805779192885676,
        "recall": 0.9804511278195489,
        "f1-score": 0.9803055767149974,
        "support": 665.0
    },
    "samples avg": {
        "precision": 0.9804511278195489,
        "recall": 0.9804511278195489,
        "f1-score": 0.9804511278195489,
        "support": 665.0
    }
}