{
    "Hemorrhagic": {
        "precision": 1.0,
        "recall": 0.9065420560747663,
        "f1-score": 0.9509803921568627,
        "support": 107.0
    },
    "Ischemic": {
        "precision": 0.9230769230769231,
        "recall": 0.96,
        "f1-score": 0.9411764705882353,
        "support": 125.0
    },
    "Normal": {
        "precision": 0.9771689497716894,
        "recall": 0.9884526558891455,
        "f1-score": 0.9827784156142365,
        "support": 433.0
    },
    "micro avg": {
        "precision": 0.9699248120300752,
        "recall": 0.9699248120300752,
        "f1-score": 0.9699248120300752,
        "support": 665.0
    },
    "macro avg": {
        "precision": 0.9667486242828708,
        "recall": 0.9516649039879707,
        "f1-score": 0.9583117594531115,
        "support": 665.0
    },
    "weighted avg": {
        "precision": 0.9706748430612887,
        "recall": 0.9699248120300752,
        "f1-score": 0.9698421274365083,
        "support": 665.0
    },
    "samples avg": {
        "precision": 0.9699248120300752,
        "recall": 0.9699248120300752,
        "f1-score": 0.9699248120300752,
        "support": 665.0
    }
}