{
    "Hemorrhagic": {
        "precision": 0.9914529914529915,
        "recall": 0.9508196721311475,
        "f1-score": 0.9707112970711297,
        "support": 122.0
    },
    "Ischemic": {
        "precision": 0.8854166666666666,
        "recall": 0.9139784946236559,
        "f1-score": 0.8994708994708994,
        "support": 93.0
    },
    "Normal": {
        "precision": 0.9756637168141593,
        "recall": 0.98,
        "f1-score": 0.9778270509977827,
        "support": 450.0
    },
    "micro avg": {
        "precision": 0.9654135338345865,
        "recall": 0.9654135338345865,
        "f1-score": 0.9654135338345865,
        "support": 665.0
    },
    "macro avg": {
        "precision": 0.9508444583112725,
        "recall": 0.9482660555849344,
        "f1-score": 0.949336415846604,
        "support": 665.0
    },
    "weighted avg": {
        "precision": 0.965939379734792,
        "recall": 0.9654135338345865,
        "f1-score": 0.9655635260789078,
        "support": 665.0
    },
    "samples avg": {
        "precision": 0.9654135338345865,
        "recall": 0.9654135338345865,
        "f1-score": 0.9654135338345865,
        "support": 665.0
    }
}