{
    "Hemorrhagic": {
        "precision": 0.9067796610169492,
        "recall": 0.8770491803278688,
        "f1-score": 0.8916666666666667,
        "support": 122.0
    },
    "Ischemic": {
        "precision": 0.7476635514018691,
        "recall": 0.8602150537634409,
        "f1-score": 0.7999999999999999,
        "support": 93.0
    },
    "Normal": {
        "precision": 0.9568181818181818,
        "recall": 0.9355555555555556,
        "f1-score": 0.9460674157303371,
        "support": 450.0
    },
    "micro avg": {
        "precision": 0.9142857142857143,
        "recall": 0.9142857142857143,
        "f1-score": 0.9142857142857143,
        "support": 665.0
    },
    "macro avg": {
        "precision": 0.8704204647456667,
        "recall": 0.8909399298822884,
        "f1-score": 0.8792446941323346,
        "support": 665.0
    },
    "weighted avg": {
        "precision": 0.9183879860791329,
        "recall": 0.9142857142857143,
        "f1-score": 0.9156596547548648,
        "support": 665.0
    },
    "samples avg": {
        "precision": 0.9142857142857143,
        "recall": 0.9142857142857143,
        "f1-score": 0.9142857142857143,
        "support": 665.0
    }
}