{
    "Hemorrhagic": {
        "precision": 0.9529411764705882,
        "recall": 0.9418604651162791,
        "f1-score": 0.9473684210526314,
        "support": 86.0
    },
    "Ischemic": {
        "precision": 0.9482758620689655,
        "recall": 0.9322033898305084,
        "f1-score": 0.94017094017094,
        "support": 118.0
    },
    "Normal": {
        "precision": 0.9827586206896551,
        "recall": 0.9891540130151844,
        "f1-score": 0.9859459459459459,
        "support": 461.0
    },
    "micro avg": {
        "precision": 0.9729323308270676,
        "recall": 0.9729323308270676,
        "f1-score": 0.9729323308270676,
        "support": 665.0
    },
    "macro avg": {
        "precision": 0.9613252197430696,
        "recall": 0.954405955987324,
        "f1-score": 0.9578284357231723,
        "support": 665.0
    },
    "weighted avg": {
        "precision": 0.9727837850203602,
        "recall": 0.9729323308270676,
        "f1-score": 0.9728344905741027,
        "support": 665.0
    },
    "samples avg": {
        "precision": 0.9729323308270676,
        "recall": 0.9729323308270676,
        "f1-score": 0.9729323308270676,
        "support": 665.0
    }
}