{
    "Hemorrhagic": {
        "precision": 0.9878048780487805,
        "recall": 0.9418604651162791,
        "f1-score": 0.9642857142857143,
        "support": 86.0
    },
    "Ischemic": {
        "precision": 0.8916666666666667,
        "recall": 0.9067796610169492,
        "f1-score": 0.8991596638655461,
        "support": 118.0
    },
    "Normal": {
        "precision": 0.9740820734341252,
        "recall": 0.9783080260303688,
        "f1-score": 0.9761904761904763,
        "support": 461.0
    },
    "micro avg": {
        "precision": 0.9609022556390977,
        "recall": 0.9609022556390977,
        "f1-score": 0.9609022556390977,
        "support": 665.0
    },
    "macro avg": {
        "precision": 0.9511845393831907,
        "recall": 0.9423160507211991,
        "f1-score": 0.946545284780579,
        "support": 665.0
    },
    "weighted avg": {
        "precision": 0.9612326647097648,
        "recall": 0.9609022556390977,
        "f1-score": 0.960982287651903,
        "support": 665.0
    },
    "samples avg": {
        "precision": 0.9609022556390977,
        "recall": 0.9609022556390977,
        "f1-score": 0.9609022556390977,
        "support": 665.0
    }
}