{
    "Hemorrhagic": {
        "precision": 0.9629629629629629,
        "recall": 0.9122807017543859,
        "f1-score": 0.9369369369369369,
        "support": 114.0
    },
    "Ischemic": {
        "precision": 0.9285714285714286,
        "recall": 0.9435483870967742,
        "f1-score": 0.936,
        "support": 124.0
    },
    "Normal": {
        "precision": 0.9651972157772621,
        "recall": 0.9742388758782201,
        "f1-score": 0.9696969696969697,
        "support": 427.0
    },
    "micro avg": {
        "precision": 0.9578947368421052,
        "recall": 0.9578947368421052,
        "f1-score": 0.9578947368421052,
        "support": 665.0
    },
    "macro avg": {
        "precision": 0.9522438691038846,
        "recall": 0.9433559882431268,
        "f1-score": 0.9475446355446356,
        "support": 665.0
    },
    "weighted avg": {
        "precision": 0.9579847309135727,
        "recall": 0.9578947368421052,
        "f1-score": 0.9577976193555142,
        "support": 665.0
    },
    "samples avg": {
        "precision": 0.9578947368421052,
        "recall": 0.9578947368421052,
        "f1-score": 0.9578947368421052,
        "support": 665.0
    }
}