{
    "Hemorrhagic": {
        "precision": 0.9724770642201835,
        "recall": 0.9298245614035088,
        "f1-score": 0.9506726457399103,
        "support": 114.0
    },
    "Ischemic": {
        "precision": 0.9047619047619048,
        "recall": 0.9193548387096774,
        "f1-score": 0.912,
        "support": 124.0
    },
    "Normal": {
        "precision": 0.9697674418604652,
        "recall": 0.9765807962529274,
        "f1-score": 0.9731621936989499,
        "support": 427.0
    },
    "micro avg": {
        "precision": 0.9578947368421052,
        "recall": 0.9578947368421052,
        "f1-score": 0.9578947368421052,
        "support": 665.0
    },
    "macro avg": {
        "precision": 0.9490021369475178,
        "recall": 0.9419200654553711,
        "f1-score": 0.9452782798129533,
        "support": 665.0
    },
    "weighted avg": {
        "precision": 0.9581106153172868,
        "recall": 0.9578947368421052,
        "f1-score": 0.9579021628929343,
        "support": 665.0
    },
    "samples avg": {
        "precision": 0.9578947368421052,
        "recall": 0.9578947368421052,
        "f1-score": 0.9578947368421052,
        "support": 665.0
    }
}