{
    "Hemorrhagic": {
        "precision": 0.9622641509433962,
        "recall": 0.9272727272727272,
        "f1-score": 0.9444444444444444,
        "support": 110.0
    },
    "Ischemic": {
        "precision": 0.9396551724137931,
        "recall": 0.9159663865546218,
        "f1-score": 0.9276595744680851,
        "support": 119.0
    },
    "Normal": {
        "precision": 0.9729119638826185,
        "recall": 0.9885321100917431,
        "f1-score": 0.9806598407281001,
        "support": 436.0
    },
    "micro avg": {
        "precision": 0.9654135338345865,
        "recall": 0.9654135338345865,
        "f1-score": 0.9654135338345865,
        "support": 665.0
    },
    "macro avg": {
        "precision": 0.9582770957466026,
        "recall": 0.943923741306364,
        "f1-score": 0.9509212865468766,
        "support": 665.0
    },
    "weighted avg": {
        "precision": 0.965199456201258,
        "recall": 0.9654135338345865,
        "f1-score": 0.9651850658767558,
        "support": 665.0
    },
    "samples avg": {
        "precision": 0.9654135338345865,
        "recall": 0.9654135338345865,
        "f1-score": 0.9654135338345865,
        "support": 665.0
    }
}