{
    "Hemorrhagic": {
        "precision": 0.9626168224299065,
        "recall": 0.9363636363636364,
        "f1-score": 0.9493087557603687,
        "support": 110.0
    },
    "Ischemic": {
        "precision": 0.9401709401709402,
        "recall": 0.9243697478991597,
        "f1-score": 0.9322033898305084,
        "support": 119.0
    },
    "Normal": {
        "precision": 0.9727891156462585,
        "recall": 0.9839449541284404,
        "f1-score": 0.9783352337514253,
        "support": 436.0
    },
    "micro avg": {
        "precision": 0.9654135338345865,
        "recall": 0.9654135338345865,
        "f1-score": 0.9654135338345865,
        "support": 665.0
    },
    "macro avg": {
        "precision": 0.9585256260823684,
        "recall": 0.9482261127970788,
        "f1-score": 0.9532824597807674,
        "support": 665.0
    },
    "weighted avg": {
        "precision": 0.9652695440141358,
        "recall": 0.9654135338345865,
        "f1-score": 0.9652786893820939,
        "support": 665.0
    },
    "samples avg": {
        "precision": 0.9654135338345865,
        "recall": 0.9654135338345865,
        "f1-score": 0.9654135338345865,
        "support": 665.0
    }
}