{
    "Hemorrhagic": {
        "precision": 0.9747899159663865,
        "recall": 0.943089430894309,
        "f1-score": 0.9586776859504134,
        "support": 123.0
    },
    "Ischemic": {
        "precision": 0.9380530973451328,
        "recall": 0.9137931034482759,
        "f1-score": 0.925764192139738,
        "support": 116.0
    },
    "Normal": {
        "precision": 0.9676674364896074,
        "recall": 0.9835680751173709,
        "f1-score": 0.9755529685681026,
        "support": 426.0
    },
    "micro avg": {
        "precision": 0.9639097744360903,
        "recall": 0.9639097744360903,
        "f1-score": 0.9639097744360903,
        "support": 665.0
    },
    "macro avg": {
        "precision": 0.9601701499337089,
        "recall": 0.9468168698199854,
        "f1-score": 0.9533316155527514,
        "support": 665.0
    },
    "weighted avg": {
        "precision": 0.9638190178954491,
        "recall": 0.9639097744360903,
        "f1-score": 0.9637467161956725,
        "support": 665.0
    },
    "samples avg": {
        "precision": 0.9639097744360903,
        "recall": 0.9639097744360903,
        "f1-score": 0.9639097744360903,
        "support": 665.0
    }
}