{
    "Hemorrhagic": {
        "precision": 0.9595959595959596,
        "recall": 0.9693877551020408,
        "f1-score": 0.964467005076142,
        "support": 98.0
    },
    "Ischemic": {
        "precision": 0.9504132231404959,
        "recall": 0.9274193548387096,
        "f1-score": 0.9387755102040816,
        "support": 124.0
    },
    "Normal": {
        "precision": 0.9775280898876404,
        "recall": 0.981941309255079,
        "f1-score": 0.9797297297297297,
        "support": 443.0
    },
    "micro avg": {
        "precision": 0.9699248120300752,
        "recall": 0.9699248120300752,
        "f1-score": 0.9699248120300752,
        "support": 665.0
    },
    "macro avg": {
        "precision": 0.962512424208032,
        "recall": 0.9595828063986098,
        "f1-score": 0.9609907483366511,
        "support": 665.0
    },
    "weighted avg": {
        "precision": 0.9698294549324064,
        "recall": 0.9699248120300752,
        "f1-score": 0.9698439098241177,
        "support": 665.0
    },
    "samples avg": {
        "precision": 0.9699248120300752,
        "recall": 0.9699248120300752,
        "f1-score": 0.9699248120300752,
        "support": 665.0
    }
}