{
    "Hemorrhagic": {
        "precision": 0.97,
        "recall": 0.9897959183673469,
        "f1-score": 0.9797979797979798,
        "support": 98.0
    },
    "Ischemic": {
        "precision": 0.9140625,
        "recall": 0.9435483870967742,
        "f1-score": 0.9285714285714286,
        "support": 124.0
    },
    "Normal": {
        "precision": 0.9839816933638444,
        "recall": 0.9706546275395034,
        "f1-score": 0.9772727272727274,
        "support": 443.0
    },
    "micro avg": {
        "precision": 0.968421052631579,
        "recall": 0.968421052631579,
        "f1-score": 0.968421052631579,
        "support": 665.0
    },
    "macro avg": {
        "precision": 0.9560147311212814,
        "recall": 0.9679996443345414,
        "f1-score": 0.961880711880712,
        "support": 665.0
    },
    "weighted avg": {
        "precision": 0.9688836694138092,
        "recall": 0.968421052631579,
        "f1-score": 0.9685637253306427,
        "support": 665.0
    },
    "samples avg": {
        "precision": 0.968421052631579,
        "recall": 0.968421052631579,
        "f1-score": 0.968421052631579,
        "support": 665.0
    }
}