{
    "Hemorrhagic": {
        "precision": 0.9565217391304348,
        "recall": 0.9166666666666666,
        "f1-score": 0.9361702127659574,
        "support": 120.0
    },
    "Ischemic": {
        "precision": 0.9381443298969072,
        "recall": 0.875,
        "f1-score": 0.9054726368159204,
        "support": 104.0
    },
    "Normal": {
        "precision": 0.9602649006622517,
        "recall": 0.9863945578231292,
        "f1-score": 0.9731543624161074,
        "support": 441.0
    },
    "micro avg": {
        "precision": 0.956390977443609,
        "recall": 0.956390977443609,
        "f1-score": 0.956390977443609,
        "support": 665.0
    },
    "macro avg": {
        "precision": 0.9516436565631979,
        "recall": 0.9260204081632653,
        "f1-score": 0.9382657373326616,
        "support": 665.0
    },
    "weighted avg": {
        "precision": 0.9561299852586217,
        "recall": 0.956390977443609,
        "f1-score": 0.9558957196786074,
        "support": 665.0
    },
    "samples avg": {
        "precision": 0.956390977443609,
        "recall": 0.956390977443609,
        "f1-score": 0.956390977443609,
        "support": 665.0
    }
}