{
    "Hemorrhagic": {
        "precision": 0.9482758620689655,
        "recall": 0.9166666666666666,
        "f1-score": 0.9322033898305084,
        "support": 120.0
    },
    "Ischemic": {
        "precision": 0.9285714285714286,
        "recall": 0.875,
        "f1-score": 0.900990099009901,
        "support": 104.0
    },
    "Normal": {
        "precision": 0.9600886917960089,
        "recall": 0.981859410430839,
        "f1-score": 0.9708520179372198,
        "support": 441.0
    },
    "micro avg": {
        "precision": 0.9533834586466166,
        "recall": 0.9533834586466166,
        "f1-score": 0.9533834586466166,
        "support": 665.0
    },
    "macro avg": {
        "precision": 0.9456453274788009,
        "recall": 0.9245086923658352,
        "f1-score": 0.934681835592543,
        "support": 665.0
    },
    "weighted avg": {
        "precision": 0.9530280377469839,
        "recall": 0.9533834586466166,
        "f1-score": 0.952952055619556,
        "support": 665.0
    },
    "samples avg": {
        "precision": 0.9533834586466166,
        "recall": 0.9533834586466166,
        "f1-score": 0.9533834586466166,
        "support": 665.0
    }
}