{
    "Hemorrhagic": {
        "precision": 0.9611650485436893,
        "recall": 0.9,
        "f1-score": 0.9295774647887324,
        "support": 110.0
    },
    "Ischemic": {
        "precision": 0.9081632653061225,
        "recall": 0.9270833333333334,
        "f1-score": 0.9175257731958762,
        "support": 96.0
    },
    "Normal": {
        "precision": 0.9698275862068966,
        "recall": 0.9803921568627451,
        "f1-score": 0.9750812567713977,
        "support": 459.0
    },
    "micro avg": {
        "precision": 0.9593984962406015,
        "recall": 0.9593984962406015,
        "f1-score": 0.9593984962406015,
        "support": 665.0
    },
    "macro avg": {
        "precision": 0.9463853000189028,
        "recall": 0.9358251633986928,
        "f1-score": 0.9407281649186688,
        "support": 665.0
    },
    "weighted avg": {
        "precision": 0.9594927682378334,
        "recall": 0.9593984962406015,
        "f1-score": 0.9592455521979492,
        "support": 665.0
    },
    "samples avg": {
        "precision": 0.9593984962406015,
        "recall": 0.9593984962406015,
        "f1-score": 0.9593984962406015,
        "support": 665.0
    }
}