{
    "Hemorrhagic": {
        "precision": 0.9702970297029703,
        "recall": 0.8909090909090909,
        "f1-score": 0.9289099526066351,
        "support": 110.0
    },
    "Ischemic": {
        "precision": 0.90625,
        "recall": 0.90625,
        "f1-score": 0.90625,
        "support": 96.0
    },
    "Normal": {
        "precision": 0.9658119658119658,
        "recall": 0.9847494553376906,
        "f1-score": 0.9751887810140237,
        "support": 459.0
    },
    "micro avg": {
        "precision": 0.9578947368421052,
        "recall": 0.9578947368421052,
        "f1-score": 0.9578947368421052,
        "support": 665.0
    },
    "macro avg": {
        "precision": 0.9474529985049788,
        "recall": 0.9273028487489272,
        "f1-score": 0.9367829112068863,
        "support": 665.0
    },
    "weighted avg": {
        "precision": 0.9579554369549158,
        "recall": 0.9578947368421052,
        "f1-score": 0.9575815718378448,
        "support": 665.0
    },
    "samples avg": {
        "precision": 0.9578947368421052,
        "recall": 0.9578947368421052,
        "f1-score": 0.9578947368421052,
        "support": 665.0
    }
}