{
    "Hemorrhagic": {
        "precision": [
            0.99,
            0.9067796610169492,
            0.9878048780487805,
            0.9629629629629629,
            0.9626168224299065,
            1.0,
            0.9595959595959596,
            0.9565217391304348,
            0.9611650485436893,
            0.9702970297029703
        ],
        "recall": [
            0.9252336448598131,
            0.8770491803278688,
            0.9418604651162791,
            0.9122807017543859,
            0.9363636363636364,
            0.9512195121951219,
            0.9693877551020408,
            0.9166666666666666,
            0.9,
            0.9514563106796117
        ],
        "f1-score": [
            0.9565217391304348,
            0.8916666666666667,
            0.9642857142857143,
            0.9369369369369369,
            0.9493087557603687,
            0.975,
            0.964467005076142,
            0.9361702127659574,
            0.9295774647887324,
            0.9607843137254902
        ]
    },
    "Ischemic": {
        "precision": [
            0.968503937007874,
            0.7476635514018691,
            0.8916666666666667,
            0.9285714285714286,
            0.9401709401709402,
            0.9545454545454546,
            0.9504132231404959,
            0.9381443298969072,
            0.9081632653061225,
            0.9541284403669725
        ],
        "recall": [
            0.984,
            0.8602150537634409,
            0.9067796610169492,
            0.9435483870967742,
            0.9243697478991597,
            0.9051724137931034,
            0.9274193548387096,
            0.875,
            0.9270833333333334,
            0.9369369369369369
        ],
        "f1-score": [
            0.976190476190476,
            0.7999999999999999,
            0.8991596638655461,
            0.936,
            0.9322033898305084,
            0.9292035398230089,
            0.9387755102040816,
            0.9054726368159204,
            0.9175257731958762,
            0.9454545454545454
        ]
    },
    "Normal": {
        "precision": [
            0.9817351598173516,
            0.9568181818181818,
            0.9740820734341252,
            0.9651972157772621,
            0.9727891156462585,
            0.9634703196347032,
            0.9775280898876404,
            0.9602649006622517,
            0.9698275862068966,
            0.9824175824175824
        ],
        "recall": [
            0.9930715935334873,
            0.9355555555555556,
            0.9783080260303688,
            0.9742388758782201,
            0.9839449541284404,
            0.9906103286384976,
            0.981941309255079,
            0.9863945578231292,
            0.9803921568627451,
            0.991130820399113
        ],
        "f1-score": [
            0.9873708381171068,
            0.9460674157303371,
            0.9761904761904763,
            0.9696969696969697,
            0.9783352337514253,
            0.9768518518518519,
            0.9797297297297297,
            0.9731543624161074,
            0.9750812567713977,
            0.9867549668874172
        ]
    }
}