{
    "Hemorrhagic": {
        "precision": [
            1.0,
            0.9914529914529915,
            0.9529411764705882,
            0.9724770642201835,
            0.9622641509433962,
            0.9747899159663865,
            0.97,
            0.9482758620689655,
            0.9702970297029703,
            0.9411764705882353
        ],
        "recall": [
            0.9065420560747663,
            0.9508196721311475,
            0.9418604651162791,
            0.9298245614035088,
            0.9272727272727272,
            0.943089430894309,
            0.9897959183673469,
            0.9166666666666666,
            0.8909090909090909,
            0.9320388349514563
        ],
        "f1-score": [
            0.9509803921568627,
            0.9707112970711297,
            0.9473684210526314,
            0.9506726457399103,
            0.9444444444444444,
            0.9586776859504134,
            0.9797979797979798,
            0.9322033898305084,
            0.9289099526066351,
            0.9365853658536586
        ]
    },
    "Ischemic": {
        "precision": [
            0.9230769230769231,
            0.8854166666666666,
            0.9482758620689655,
            0.9047619047619048,
            0.9396551724137931,
            0.9380530973451328,
            0.9140625,
            0.9285714285714286,
            0.90625,
            0.9272727272727272
        ],
        "recall": [
            0.96,
            0.9139784946236559,
            0.9322033898305084,
            0.9193548387096774,
            0.9159663865546218,
            0.9137931034482759,
            0.9435483870967742,
            0.875,
            0.90625,
            0.918918918918919
        ],
        "f1-score": [
            0.9411764705882353,
            0.8994708994708994,
            0.94017094017094,
            0.912,
            0.9276595744680851,
            0.925764192139738,
            0.9285714285714286,
            0.900990099009901,
            0.90625,
            0.9230769230769231
        ]
    },
    "Normal": {
        "precision": [
            0.9771689497716894,
            0.9756637168141593,
            0.9827586206896551,
            0.9697674418604652,
            0.9729119638826185,
            0.9676674364896074,
            0.9839816933638444,
            0.9600886917960089,
            0.9658119658119658,
            0.9845474613686535
        ],
        "recall": [
            0.9884526558891455,
            0.98,
            0.9891540130151844,
            0.9765807962529274,
            0.9885321100917431,
            0.9835680751173709,
            0.9706546275395034,
            0.981859410430839,
            0.9847494553376906,
            0.9889135254988913
        ],
        "f1-score": [
            0.9827784156142365,
            0.9778270509977827,
            0.9859459459459459,
            0.9731621936989499,
            0.9806598407281001,
            0.9755529685681026,
            0.9772727272727274,
            0.9708520179372198,
            0.9751887810140237,
            0.9867256637168142
        ]
    }
}