{
    "Hemorrhagic": {
        "precision": 0.8899082568807339,
        "recall": 0.941747572815534,
        "f1-score": 0.9150943396226414,
        "support": 103.0
    },
    "Ischemic": {
        "precision": 0.8559322033898306,
        "recall": 0.9099099099099099,
        "f1-score": 0.8820960698689958,
        "support": 111.0
    },
    "Normal": {
        "precision": 0.9771689497716894,
        "recall": 0.9490022172949002,
        "f1-score": 0.9628796400449944,
        "support": 451.0
    },
    "micro avg": {
        "precision": 0.9413533834586466,
        "recall": 0.9413533834586466,
        "f1-score": 0.9413533834586466,
        "support": 665.0
    },
    "macro avg": {
        "precision": 0.9076698033474181,
        "recall": 0.9335532333401148,
        "f1-score": 0.9200233498455438,
        "support": 665.0
    },
    "weighted avg": {
        "precision": 0.9434168742586748,
        "recall": 0.9413533834586466,
        "f1-score": 0.9419941329276437,
        "support": 665.0
    },
    "samples avg": {
        "precision": 0.9413533834586466,
        "recall": 0.9413533834586466,
        "f1-score": 0.9413533834586466,
        "support": 665.0
    }
}