{
    "Hemorrhagic": {
        "precision": 0.97,
        "recall": 0.941747572815534,
        "f1-score": 0.9556650246305418,
        "support": 103.0
    },
    "Ischemic": {
        "precision": 0.9196428571428571,
        "recall": 0.9279279279279279,
        "f1-score": 0.9237668161434976,
        "support": 111.0
    },
    "Normal": {
        "precision": 0.9801324503311258,
        "recall": 0.9844789356984479,
        "f1-score": 0.9823008849557522,
        "support": 451.0
    },
    "micro avg": {
        "precision": 0.968421052631579,
        "recall": 0.968421052631579,
        "f1-score": 0.968421052631579,
        "support": 665.0
    },
    "macro avg": {
        "precision": 0.9565917691579943,
        "recall": 0.9513848121473032,
        "f1-score": 0.9539109085765972,
        "support": 665.0
    },
    "weighted avg": {
        "precision": 0.9684663041236014,
        "recall": 0.968421052631579,
        "f1-score": 0.9684049823216817,
        "support": 665.0
    },
    "samples avg": {
        "precision": 0.968421052631579,
        "recall": 0.968421052631579,
        "f1-score": 0.968421052631579,
        "support": 665.0
    }
}