{
    "Hemorrhagic": {
        "precision": 0.96,
        "recall": 0.9320388349514563,
        "f1-score": 0.9458128078817734,
        "support": 103.0
    },
    "Ischemic": {
        "precision": 0.9026548672566371,
        "recall": 0.918918918918919,
        "f1-score": 0.9107142857142857,
        "support": 111.0
    },
    "Normal": {
        "precision": 0.9756637168141593,
        "recall": 0.9778270509977827,
        "f1-score": 0.9767441860465116,
        "support": 451.0
    },
    "micro avg": {
        "precision": 0.9609022556390977,
        "recall": 0.9609022556390977,
        "f1-score": 0.9609022556390977,
        "support": 665.0
    },
    "macro avg": {
        "precision": 0.9461061946902655,
        "recall": 0.9429282682893859,
        "f1-score": 0.9444237598808569,
        "support": 665.0
    },
    "weighted avg": {
        "precision": 0.9610511677423648,
        "recall": 0.9609022556390977,
        "f1-score": 0.9609317786963686,
        "support": 665.0
    },
    "samples avg": {
        "precision": 0.9609022556390977,
        "recall": 0.9609022556390977,
        "f1-score": 0.9609022556390977,
        "support": 665.0
    }
}