{
    "Hemorrhagic": {
        "precision": 0.99,
        "recall": 0.9252336448598131,
        "f1-score": 0.9565217391304348,
        "support": 107.0
    },
    "Ischemic": {
        "precision": 0.9206349206349206,
        "recall": 0.928,
        "f1-score": 0.9243027888446215,
        "support": 125.0
    },
    "Normal": {
        "precision": 0.9658314350797267,
        "recall": 0.9792147806004619,
        "f1-score": 0.9724770642201835,
        "support": 433.0
    },
    "micro avg": {
        "precision": 0.9609022556390977,
        "recall": 0.9609022556390977,
        "f1-score": 0.9609022556390977,
        "support": 665.0
    },
    "macro avg": {
        "precision": 0.9588221185715491,
        "recall": 0.944149475153425,
        "f1-score": 0.9511005307317465,
        "support": 665.0
    },
    "weighted avg": {
        "precision": 0.9612246262690026,
        "recall": 0.9609022556390977,
        "f1-score": 0.9608545015035695,
        "support": 665.0
    },
    "samples avg": {
        "precision": 0.9609022556390977,
        "recall": 0.9609022556390977,
        "f1-score": 0.9609022556390977,
        "support": 665.0
    }
}