{
    "Hemorrhagic": {
        "precision": 0.7314662273476112,
        "recall": 0.8237476808905381,
        "f1-score": 0.7748691099476441,
        "support": 539.0
    },
    "Ischemic": {
        "precision": 0.5548469387755102,
        "recall": 0.7512953367875648,
        "f1-score": 0.6382978723404256,
        "support": 579.0
    },
    "Normal": {
        "precision": 0.9358841778697001,
        "recall": 0.8201178069777979,
        "f1-score": 0.874184979473557,
        "support": 2207.0
    },
    "micro avg": {
        "precision": 0.8087218045112782,
        "recall": 0.8087218045112782,
        "f1-score": 0.8087218045112782,
        "support": 3325.0
    },
    "macro avg": {
        "precision": 0.7407324479976071,
        "recall": 0.7983869415519669,
        "f1-score": 0.7624506539205423,
        "support": 3325.0
    },
    "weighted avg": {
        "precision": 0.8363949036540784,
        "recall": 0.8087218045112782,
        "f1-score": 0.8170090730962487,
        "support": 3325.0
    },
    "samples avg": {
        "precision": 0.8087218045112782,
        "recall": 0.8087218045112782,
        "f1-score": 0.8087218045112782,
        "support": 3325.0
    }
}