{
    "Hemorrhagic": {
        "precision": 0.9509803921568627,
        "recall": 0.9065420560747663,
        "f1-score": 0.9282296650717703,
        "support": 107.0
    },
    "Ischemic": {
        "precision": 0.875,
        "recall": 0.952,
        "f1-score": 0.9118773946360154,
        "support": 125.0
    },
    "Normal": {
        "precision": 0.9789227166276346,
        "recall": 0.9653579676674365,
        "f1-score": 0.9720930232558138,
        "support": 433.0
    },
    "micro avg": {
        "precision": 0.9533834586466166,
        "recall": 0.9533834586466166,
        "f1-score": 0.9533834586466166,
        "support": 665.0
    },
    "macro avg": {
        "precision": 0.9349677029281658,
        "recall": 0.9413000079140676,
        "f1-score": 0.9374000276545331,
        "support": 665.0
    },
    "weighted avg": {
        "precision": 0.9548923883617296,
        "recall": 0.9533834586466166,
        "f1-score": 0.9537165827999229,
        "support": 665.0
    },
    "samples avg": {
        "precision": 0.9533834586466166,
        "recall": 0.9533834586466166,
        "f1-score": 0.9533834586466166,
        "support": 665.0
    }
}