{
    "Hemorrhagic": {
        "precision": 0.96,
        "recall": 0.897196261682243,
        "f1-score": 0.927536231884058,
        "support": 107.0
    },
    "Ischemic": {
        "precision": 0.92,
        "recall": 0.92,
        "f1-score": 0.92,
        "support": 125.0
    },
    "Normal": {
        "precision": 0.9636363636363636,
        "recall": 0.9792147806004619,
        "f1-score": 0.9713631156930125,
        "support": 433.0
    },
    "micro avg": {
        "precision": 0.9548872180451128,
        "recall": 0.9548872180451128,
        "f1-score": 0.9548872180451128,
        "support": 665.0
    },
    "macro avg": {
        "precision": 0.9478787878787879,
        "recall": 0.932137014094235,
        "f1-score": 0.9396331158590234,
        "support": 665.0
    },
    "weighted avg": {
        "precision": 0.9548489405331511,
        "recall": 0.9548872180451128,
        "f1-score": 0.9546565502355919,
        "support": 665.0
    },
    "samples avg": {
        "precision": 0.9548872180451128,
        "recall": 0.9548872180451128,
        "f1-score": 0.9548872180451128,
        "support": 665.0
    }
}