{
    "Hemorrhagic": {
        "precision": 0.9081632653061225,
        "recall": 0.8317757009345794,
        "f1-score": 0.8682926829268293,
        "support": 107.0
    },
    "Ischemic": {
        "precision": 0.7753623188405797,
        "recall": 0.856,
        "f1-score": 0.8136882129277566,
        "support": 125.0
    },
    "Normal": {
        "precision": 0.9440559440559441,
        "recall": 0.9353348729792148,
        "f1-score": 0.9396751740139211,
        "support": 433.0
    },
    "micro avg": {
        "precision": 0.9037593984962407,
        "recall": 0.9037593984962407,
        "f1-score": 0.9037593984962407,
        "support": 665.0
    },
    "macro avg": {
        "precision": 0.8758605094008821,
        "recall": 0.8743701913045981,
        "f1-score": 0.8738853566228357,
        "support": 665.0
    },
    "weighted avg": {
        "precision": 0.9065714030361675,
        "recall": 0.9037593984962407,
        "f1-score": 0.9045078105822079,
        "support": 665.0
    },
    "samples avg": {
        "precision": 0.9037593984962407,
        "recall": 0.9037593984962407,
        "f1-score": 0.9037593984962407,
        "support": 665.0
    }
}