{
    "Hemorrhagic": {
        "precision": 0.9669421487603306,
        "recall": 0.9590163934426229,
        "f1-score": 0.962962962962963,
        "support": 122.0
    },
    "Ischemic": {
        "precision": 0.8484848484848485,
        "recall": 0.9032258064516129,
        "f1-score": 0.875,
        "support": 93.0
    },
    "Normal": {
        "precision": 0.9752808988764045,
        "recall": 0.9644444444444444,
        "f1-score": 0.9698324022346368,
        "support": 450.0
    },
    "micro avg": {
        "precision": 0.9548872180451128,
        "recall": 0.9548872180451128,
        "f1-score": 0.9548872180451128,
        "support": 665.0
    },
    "macro avg": {
        "precision": 0.9302359653738611,
        "recall": 0.9422288814462267,
        "f1-score": 0.9359317883991999,
        "support": 665.0
    },
    "weighted avg": {
        "precision": 0.956018703086065,
        "recall": 0.9548872180451128,
        "f1-score": 0.9553098684016061,
        "support": 665.0
    },
    "samples avg": {
        "precision": 0.9548872180451128,
        "recall": 0.9548872180451128,
        "f1-score": 0.9548872180451128,
        "support": 665.0
    }
}