{
    "Hemorrhagic": {
        "precision": 0.9504132231404959,
        "recall": 0.9426229508196722,
        "f1-score": 0.9465020576131689,
        "support": 122.0
    },
    "Ischemic": {
        "precision": 0.8842105263157894,
        "recall": 0.9032258064516129,
        "f1-score": 0.8936170212765957,
        "support": 93.0
    },
    "Normal": {
        "precision": 0.9755011135857461,
        "recall": 0.9733333333333334,
        "f1-score": 0.9744160177975528,
        "support": 450.0
    },
    "micro avg": {
        "precision": 0.9578947368421052,
        "recall": 0.9578947368421052,
        "f1-score": 0.9578947368421052,
        "support": 665.0
    },
    "macro avg": {
        "precision": 0.9367082876806773,
        "recall": 0.9397273635348729,
        "f1-score": 0.9381783655624392,
        "support": 665.0
    },
    "weighted avg": {
        "precision": 0.9581315688482627,
        "recall": 0.9578947368421052,
        "f1-score": 0.9579952511525246,
        "support": 665.0
    },
    "samples avg": {
        "precision": 0.9578947368421052,
        "recall": 0.9578947368421052,
        "f1-score": 0.9578947368421052,
        "support": 665.0
    }
}