{
    "Hemorrhagic": {
        "precision": 0.9504132231404959,
        "recall": 0.9426229508196722,
        "f1-score": 0.9465020576131689,
        "support": 122.0
    },
    "Ischemic": {
        "precision": 0.7610619469026548,
        "recall": 0.9247311827956989,
        "f1-score": 0.8349514563106796,
        "support": 93.0
    },
    "Normal": {
        "precision": 0.9791183294663574,
        "recall": 0.9377777777777778,
        "f1-score": 0.9580022701475596,
        "support": 450.0
    },
    "micro avg": {
        "precision": 0.9368421052631579,
        "recall": 0.9368421052631579,
        "f1-score": 0.9368421052631579,
        "support": 665.0
    },
    "macro avg": {
        "precision": 0.8968644998365027,
        "recall": 0.9350439704643829,
        "f1-score": 0.9131519280238026,
        "support": 665.0
    },
    "weighted avg": {
        "precision": 0.9433570263833808,
        "recall": 0.9368421052631579,
        "f1-score": 0.9386838466648144,
        "support": 665.0
    },
    "samples avg": {
        "precision": 0.9368421052631579,
        "recall": 0.9368421052631579,
        "f1-score": 0.9368421052631579,
        "support": 665.0
    }
}