{
    "Hemorrhagic": {
        "precision": 0.9830508474576272,
        "recall": 0.9508196721311475,
        "f1-score": 0.9666666666666667,
        "support": 122.0
    },
    "Ischemic": {
        "precision": 0.9425287356321839,
        "recall": 0.8817204301075269,
        "f1-score": 0.9111111111111111,
        "support": 93.0
    },
    "Normal": {
        "precision": 0.967391304347826,
        "recall": 0.9888888888888889,
        "f1-score": 0.978021978021978,
        "support": 450.0
    },
    "micro avg": {
        "precision": 0.9669172932330827,
        "recall": 0.9669172932330827,
        "f1-score": 0.9669172932330827,
        "support": 665.0
    },
    "macro avg": {
        "precision": 0.9643236291458791,
        "recall": 0.9404763303758544,
        "f1-score": 0.951933251933252,
        "support": 665.0
    },
    "weighted avg": {
        "precision": 0.9667871620453314,
        "recall": 0.9669172932330827,
        "f1-score": 0.9665812883857998,
        "support": 665.0
    },
    "samples avg": {
        "precision": 0.9669172932330827,
        "recall": 0.9669172932330827,
        "f1-score": 0.9669172932330827,
        "support": 665.0
    }
}