{
    "Hemorrhagic": {
        "precision": 0.963855421686747,
        "recall": 0.9302325581395349,
        "f1-score": 0.9467455621301776,
        "support": 86.0
    },
    "Ischemic": {
        "precision": 0.9016393442622951,
        "recall": 0.9322033898305084,
        "f1-score": 0.9166666666666666,
        "support": 118.0
    },
    "Normal": {
        "precision": 0.9847826086956522,
        "recall": 0.982646420824295,
        "f1-score": 0.9837133550488599,
        "support": 461.0
    },
    "micro avg": {
        "precision": 0.9669172932330827,
        "recall": 0.9669172932330827,
        "f1-score": 0.9669172932330827,
        "support": 665.0
    },
    "macro avg": {
        "precision": 0.9500924582148981,
        "recall": 0.9483607895981128,
        "f1-score": 0.9490418612819015,
        "support": 665.0
    },
    "weighted avg": {
        "precision": 0.9673229947318898,
        "recall": 0.9669172932330827,
        "f1-score": 0.9670355514096036,
        "support": 665.0
    },
    "samples avg": {
        "precision": 0.9669172932330827,
        "recall": 0.9669172932330827,
        "f1-score": 0.9669172932330827,
        "support": 665.0
    }
}