{
    "Hemorrhagic": {
        "precision": 0.9411764705882353,
        "recall": 0.9302325581395349,
        "f1-score": 0.935672514619883,
        "support": 86.0
    },
    "Ischemic": {
        "precision": 0.907563025210084,
        "recall": 0.9152542372881356,
        "f1-score": 0.9113924050632911,
        "support": 118.0
    },
    "Normal": {
        "precision": 0.9761388286334056,
        "recall": 0.9761388286334056,
        "f1-score": 0.9761388286334056,
        "support": 461.0
    },
    "micro avg": {
        "precision": 0.9593984962406015,
        "recall": 0.9593984962406015,
        "f1-score": 0.9593984962406015,
        "support": 665.0
    },
    "macro avg": {
        "precision": 0.9416261081439083,
        "recall": 0.9405418746870254,
        "f1-score": 0.9410679161055265,
        "support": 665.0
    },
    "weighted avg": {
        "precision": 0.9594490427750048,
        "recall": 0.9593984962406015,
        "f1-score": 0.9594167519620725,
        "support": 665.0
    },
    "samples avg": {
        "precision": 0.9593984962406015,
        "recall": 0.9593984962406015,
        "f1-score": 0.9593984962406015,
        "support": 665.0
    }
}