{
    "Hemorrhagic": {
        "precision": 0.9222222222222223,
        "recall": 0.9651162790697675,
        "f1-score": 0.9431818181818181,
        "support": 86.0
    },
    "Ischemic": {
        "precision": 0.9067796610169492,
        "recall": 0.9067796610169492,
        "f1-score": 0.9067796610169492,
        "support": 118.0
    },
    "Normal": {
        "precision": 0.975929978118162,
        "recall": 0.9674620390455532,
        "f1-score": 0.9716775599128541,
        "support": 461.0
    },
    "micro avg": {
        "precision": 0.956390977443609,
        "recall": 0.956390977443609,
        "f1-score": 0.956390977443609,
        "support": 665.0
    },
    "macro avg": {
        "precision": 0.9349772871191111,
        "recall": 0.9464526597107566,
        "f1-score": 0.9405463463705405,
        "support": 665.0
    },
    "weighted avg": {
        "precision": 0.9567140316144117,
        "recall": 0.956390977443609,
        "f1-score": 0.9564766789224993,
        "support": 665.0
    },
    "samples avg": {
        "precision": 0.956390977443609,
        "recall": 0.956390977443609,
        "f1-score": 0.956390977443609,
        "support": 665.0
    }
}