{
    "Hemorrhagic": {
        "precision": 0.9878048780487805,
        "recall": 0.9418604651162791,
        "f1-score": 0.9642857142857143,
        "support": 86.0
    },
    "Ischemic": {
        "precision": 0.9487179487179487,
        "recall": 0.940677966101695,
        "f1-score": 0.9446808510638298,
        "support": 118.0
    },
    "Normal": {
        "precision": 0.98068669527897,
        "recall": 0.9913232104121475,
        "f1-score": 0.9859762675296656,
        "support": 461.0
    },
    "micro avg": {
        "precision": 0.9759398496240601,
        "recall": 0.9759398496240601,
        "f1-score": 0.9759398496240601,
        "support": 665.0
    },
    "macro avg": {
        "precision": 0.9724031740152331,
        "recall": 0.9579538805433739,
        "f1-score": 0.9649809442930698,
        "support": 665.0
    },
    "weighted avg": {
        "precision": 0.9759345924579222,
        "recall": 0.9759398496240601,
        "f1-score": 0.9758435656921491,
        "support": 665.0
    },
    "samples avg": {
        "precision": 0.9759398496240601,
        "recall": 0.9759398496240601,
        "f1-score": 0.9759398496240601,
        "support": 665.0
    }
}