{
    "Hemorrhagic": {
        "precision": 0.9464285714285714,
        "recall": 0.9298245614035088,
        "f1-score": 0.9380530973451328,
        "support": 114.0
    },
    "Ischemic": {
        "precision": 0.9661016949152542,
        "recall": 0.9193548387096774,
        "f1-score": 0.9421487603305785,
        "support": 124.0
    },
    "Normal": {
        "precision": 0.9655172413793104,
        "recall": 0.9836065573770492,
        "f1-score": 0.974477958236659,
        "support": 427.0
    },
    "micro avg": {
        "precision": 0.9624060150375939,
        "recall": 0.9624060150375939,
        "f1-score": 0.9624060150375939,
        "support": 665.0
    },
    "macro avg": {
        "precision": 0.9593491692410453,
        "recall": 0.9442619858300784,
        "f1-score": 0.9515599386374568,
        "support": 665.0
    },
    "weighted avg": {
        "precision": 0.9623538787688934,
        "recall": 0.9624060150375939,
        "f1-score": 0.962205394805098,
        "support": 665.0
    },
    "samples avg": {
        "precision": 0.9624060150375939,
        "recall": 0.9624060150375939,
        "f1-score": 0.9624060150375939,
        "support": 665.0
    }
}