{
    "Hemorrhagic": {
        "precision": 0.9009009009009009,
        "recall": 0.8771929824561403,
        "f1-score": 0.8888888888888888,
        "support": 114.0
    },
    "Ischemic": {
        "precision": 0.8057553956834532,
        "recall": 0.9032258064516129,
        "f1-score": 0.8517110266159695,
        "support": 124.0
    },
    "Normal": {
        "precision": 0.963855421686747,
        "recall": 0.936768149882904,
        "f1-score": 0.9501187648456056,
        "support": 427.0
    },
    "micro avg": {
        "precision": 0.9203007518796993,
        "recall": 0.9203007518796993,
        "f1-score": 0.9203007518796993,
        "support": 665.0
    },
    "macro avg": {
        "precision": 0.8901705727570337,
        "recall": 0.9057289795968857,
        "f1-score": 0.896906226783488,
        "support": 665.0
    },
    "weighted avg": {
        "precision": 0.9235829125228449,
        "recall": 0.9203007518796993,
        "f1-score": 0.9212725010868978,
        "support": 665.0
    },
    "samples avg": {
        "precision": 0.9203007518796993,
        "recall": 0.9203007518796993,
        "f1-score": 0.9203007518796993,
        "support": 665.0
    }
}