{
    "Hemorrhagic": {
        "precision": 0.8928571428571429,
        "recall": 0.8771929824561403,
        "f1-score": 0.8849557522123894,
        "support": 114.0
    },
    "Ischemic": {
        "precision": 0.8671875,
        "recall": 0.8951612903225806,
        "f1-score": 0.880952380952381,
        "support": 124.0
    },
    "Normal": {
        "precision": 0.9529411764705882,
        "recall": 0.9484777517564403,
        "f1-score": 0.9507042253521126,
        "support": 427.0
    },
    "micro avg": {
        "precision": 0.9263157894736842,
        "recall": 0.9263157894736842,
        "f1-score": 0.9263157894736842,
        "support": 665.0
    },
    "macro avg": {
        "precision": 0.904328606442577,
        "recall": 0.906944008178387,
        "f1-score": 0.9055374528389609,
        "support": 665.0
    },
    "weighted avg": {
        "precision": 0.9266508972009857,
        "recall": 0.9263157894736842,
        "f1-score": 0.9264266995724206,
        "support": 665.0
    },
    "samples avg": {
        "precision": 0.9263157894736842,
        "recall": 0.9263157894736842,
        "f1-score": 0.9263157894736842,
        "support": 665.0
    }
}