{
    "Hemorrhagic": {
        "precision": 0.8956521739130435,
        "recall": 0.9035087719298246,
        "f1-score": 0.8995633187772927,
        "support": 114.0
    },
    "Ischemic": {
        "precision": 0.9553571428571429,
        "recall": 0.8629032258064516,
        "f1-score": 0.9067796610169493,
        "support": 124.0
    },
    "Normal": {
        "precision": 0.952054794520548,
        "recall": 0.9765807962529274,
        "f1-score": 0.9641618497109826,
        "support": 427.0
    },
    "micro avg": {
        "precision": 0.9428571428571428,
        "recall": 0.9428571428571428,
        "f1-score": 0.9428571428571428,
        "support": 665.0
    },
    "macro avg": {
        "precision": 0.9343547037635781,
        "recall": 0.9143309313297344,
        "f1-score": 0.9235016098350749,
        "support": 665.0
    },
    "weighted avg": {
        "precision": 0.9430015500761604,
        "recall": 0.9428571428571428,
        "f1-score": 0.9423879791478236,
        "support": 665.0
    },
    "samples avg": {
        "precision": 0.9428571428571428,
        "recall": 0.9428571428571428,
        "f1-score": 0.9428571428571428,
        "support": 665.0
    }
}