{
    "Hemorrhagic": {
        "precision": 0.9622641509433962,
        "recall": 0.9272727272727272,
        "f1-score": 0.9444444444444444,
        "support": 110.0
    },
    "Ischemic": {
        "precision": 0.9464285714285714,
        "recall": 0.8907563025210085,
        "f1-score": 0.9177489177489176,
        "support": 119.0
    },
    "Normal": {
        "precision": 0.9664429530201343,
        "recall": 0.9908256880733946,
        "f1-score": 0.9784824462061155,
        "support": 436.0
    },
    "micro avg": {
        "precision": 0.9624060150375939,
        "recall": 0.9624060150375939,
        "f1-score": 0.9624060150375939,
        "support": 665.0
    },
    "macro avg": {
        "precision": 0.958378558464034,
        "recall": 0.9362849059557101,
        "f1-score": 0.946891936133159,
        "support": 665.0
    },
    "weighted avg": {
        "precision": 0.9621702016850407,
        "recall": 0.9624060150375939,
        "f1-score": 0.9619839949577089,
        "support": 665.0
    },
    "samples avg": {
        "precision": 0.9624060150375939,
        "recall": 0.9624060150375939,
        "f1-score": 0.9624060150375939,
        "support": 665.0
    }
}