{
    "Hemorrhagic": {
        "precision": 0.9719626168224299,
        "recall": 0.9454545454545454,
        "f1-score": 0.9585253456221198,
        "support": 110.0
    },
    "Ischemic": {
        "precision": 0.8943089430894309,
        "recall": 0.9243697478991597,
        "f1-score": 0.9090909090909092,
        "support": 119.0
    },
    "Normal": {
        "precision": 0.9747126436781609,
        "recall": 0.9724770642201835,
        "f1-score": 0.9735935706084959,
        "support": 436.0
    },
    "micro avg": {
        "precision": 0.9593984962406015,
        "recall": 0.9593984962406015,
        "f1-score": 0.9593984962406015,
        "support": 665.0
    },
    "macro avg": {
        "precision": 0.9469947345300072,
        "recall": 0.9474337858579629,
        "f1-score": 0.9470699417738416,
        "support": 665.0
    },
    "weighted avg": {
        "precision": 0.9598697213861469,
        "recall": 0.9593984962406015,
        "f1-score": 0.9595585007301588,
        "support": 665.0
    },
    "samples avg": {
        "precision": 0.9593984962406015,
        "recall": 0.9593984962406015,
        "f1-score": 0.9593984962406015,
        "support": 665.0
    }
}