{
    "Hemorrhagic": {
        "precision": 0.954954954954955,
        "recall": 0.9636363636363636,
        "f1-score": 0.9592760180995475,
        "support": 110.0
    },
    "Ischemic": {
        "precision": 0.8861788617886179,
        "recall": 0.9159663865546218,
        "f1-score": 0.9008264462809917,
        "support": 119.0
    },
    "Normal": {
        "precision": 0.9767981438515081,
        "recall": 0.9655963302752294,
        "f1-score": 0.9711649365628604,
        "support": 436.0
    },
    "micro avg": {
        "precision": 0.956390977443609,
        "recall": 0.956390977443609,
        "f1-score": 0.956390977443609,
        "support": 665.0
    },
    "macro avg": {
        "precision": 0.9393106535316936,
        "recall": 0.9483996934887383,
        "f1-score": 0.9437558003144666,
        "support": 665.0
    },
    "weighted avg": {
        "precision": 0.9569689027325536,
        "recall": 0.956390977443609,
        "f1-score": 0.9566114608117223,
        "support": 665.0
    },
    "samples avg": {
        "precision": 0.956390977443609,
        "recall": 0.956390977443609,
        "f1-score": 0.956390977443609,
        "support": 665.0
    }
}