{
    "Hemorrhagic": {
        "precision": 0.9626168224299065,
        "recall": 0.9363636363636364,
        "f1-score": 0.9493087557603687,
        "support": 110.0
    },
    "Ischemic": {
        "precision": 0.8934426229508197,
        "recall": 0.9159663865546218,
        "f1-score": 0.9045643153526971,
        "support": 119.0
    },
    "Normal": {
        "precision": 0.9724770642201835,
        "recall": 0.9724770642201835,
        "f1-score": 0.9724770642201835,
        "support": 436.0
    },
    "micro avg": {
        "precision": 0.956390977443609,
        "recall": 0.956390977443609,
        "f1-score": 0.956390977443609,
        "support": 665.0
    },
    "macro avg": {
        "precision": 0.9428455032003032,
        "recall": 0.9416023623794806,
        "f1-score": 0.9421167117777497,
        "support": 665.0
    },
    "weighted avg": {
        "precision": 0.9567030415014094,
        "recall": 0.956390977443609,
        "f1-score": 0.9564919047527993,
        "support": 665.0
    },
    "samples avg": {
        "precision": 0.956390977443609,
        "recall": 0.956390977443609,
        "f1-score": 0.956390977443609,
        "support": 665.0
    }
}