{
    "Hemorrhagic": {
        "precision": 0.9917355371900827,
        "recall": 0.975609756097561,
        "f1-score": 0.9836065573770492,
        "support": 123.0
    },
    "Ischemic": {
        "precision": 0.9224137931034483,
        "recall": 0.9224137931034483,
        "f1-score": 0.9224137931034483,
        "support": 116.0
    },
    "Normal": {
        "precision": 0.9766355140186916,
        "recall": 0.9812206572769953,
        "f1-score": 0.9789227166276346,
        "support": 426.0
    },
    "micro avg": {
        "precision": 0.9699248120300752,
        "recall": 0.9699248120300752,
        "f1-score": 0.9699248120300752,
        "support": 665.0
    },
    "macro avg": {
        "precision": 0.9635949481040741,
        "recall": 0.9597480688260015,
        "f1-score": 0.961647689036044,
        "support": 665.0
    },
    "weighted avg": {
        "precision": 0.9699702256335981,
        "recall": 0.9699248120300752,
        "f1-score": 0.9699318553996231,
        "support": 665.0
    },
    "samples avg": {
        "precision": 0.9699248120300752,
        "recall": 0.9699248120300752,
        "f1-score": 0.9699248120300752,
        "support": 665.0
    }
}