{
    "Hemorrhagic": {
        "precision": 0.9915966386554622,
        "recall": 0.959349593495935,
        "f1-score": 0.9752066115702479,
        "support": 123.0
    },
    "Ischemic": {
        "precision": 0.9137931034482759,
        "recall": 0.9137931034482759,
        "f1-score": 0.9137931034482759,
        "support": 116.0
    },
    "Normal": {
        "precision": 0.9697674418604652,
        "recall": 0.9788732394366197,
        "f1-score": 0.9742990654205608,
        "support": 426.0
    },
    "micro avg": {
        "precision": 0.9639097744360903,
        "recall": 0.9639097744360903,
        "f1-score": 0.9639097744360903,
        "support": 665.0
    },
    "macro avg": {
        "precision": 0.9583857279880678,
        "recall": 0.9506719787936101,
        "f1-score": 0.9544329268130282,
        "support": 665.0
    },
    "weighted avg": {
        "precision": 0.9640410778754587,
        "recall": 0.9639097744360903,
        "f1-score": 0.9639125038981945,
        "support": 665.0
    },
    "samples avg": {
        "precision": 0.9639097744360903,
        "recall": 0.9639097744360903,
        "f1-score": 0.9639097744360903,
        "support": 665.0
    }
}