{
    "Hemorrhagic": {
        "precision": 0.943089430894309,
        "recall": 0.943089430894309,
        "f1-score": 0.943089430894309,
        "support": 123.0
    },
    "Ischemic": {
        "precision": 0.8305084745762712,
        "recall": 0.8448275862068966,
        "f1-score": 0.8376068376068375,
        "support": 116.0
    },
    "Normal": {
        "precision": 0.9481132075471698,
        "recall": 0.9436619718309859,
        "f1-score": 0.9458823529411764,
        "support": 426.0
    },
    "micro avg": {
        "precision": 0.9263157894736842,
        "recall": 0.9263157894736842,
        "f1-score": 0.9263157894736842,
        "support": 665.0
    },
    "macro avg": {
        "precision": 0.9072370376725832,
        "recall": 0.9105263296440639,
        "f1-score": 0.9088595404807743,
        "support": 665.0
    },
    "weighted avg": {
        "precision": 0.9266694879187095,
        "recall": 0.9263157894736842,
        "f1-score": 0.9264786097974952,
        "support": 665.0
    },
    "samples avg": {
        "precision": 0.9263157894736842,
        "recall": 0.9263157894736842,
        "f1-score": 0.9263157894736842,
        "support": 665.0
    }
}