{
    "Hemorrhagic": {
        "precision": 0.9834710743801653,
        "recall": 0.967479674796748,
        "f1-score": 0.9754098360655739,
        "support": 123.0
    },
    "Ischemic": {
        "precision": 0.9819819819819819,
        "recall": 0.9396551724137931,
        "f1-score": 0.960352422907489,
        "support": 116.0
    },
    "Normal": {
        "precision": 0.9745958429561201,
        "recall": 0.9906103286384976,
        "f1-score": 0.9825378346915017,
        "support": 426.0
    },
    "micro avg": {
        "precision": 0.9774436090225563,
        "recall": 0.9774436090225563,
        "f1-score": 0.9774436090225563,
        "support": 665.0
    },
    "macro avg": {
        "precision": 0.9800162997727558,
        "recall": 0.9659150586163463,
        "f1-score": 0.9727666978881881,
        "support": 665.0
    },
    "weighted avg": {
        "precision": 0.9775258363277857,
        "recall": 0.9774436090225563,
        "f1-score": 0.9773494864239309,
        "support": 665.0
    },
    "samples avg": {
        "precision": 0.9774436090225563,
        "recall": 0.9774436090225563,
        "f1-score": 0.9774436090225563,
        "support": 665.0
    }
}