{
    "Hemorrhagic": {
        "precision": 0.96,
        "recall": 0.9795918367346939,
        "f1-score": 0.9696969696969697,
        "support": 98.0
    },
    "Ischemic": {
        "precision": 0.9491525423728814,
        "recall": 0.9032258064516129,
        "f1-score": 0.9256198347107438,
        "support": 124.0
    },
    "Normal": {
        "precision": 0.9731543624161074,
        "recall": 0.981941309255079,
        "f1-score": 0.9775280898876405,
        "support": 443.0
    },
    "micro avg": {
        "precision": 0.9669172932330827,
        "recall": 0.9669172932330827,
        "f1-score": 0.9669172932330827,
        "support": 665.0
    },
    "macro avg": {
        "precision": 0.9607689682629963,
        "recall": 0.9549196508137952,
        "f1-score": 0.957614964765118,
        "support": 665.0
    },
    "weighted avg": {
        "precision": 0.9667402974504855,
        "recall": 0.9669172932330827,
        "f1-score": 0.9666948967739248,
        "support": 665.0
    },
    "samples avg": {
        "precision": 0.9669172932330827,
        "recall": 0.9669172932330827,
        "f1-score": 0.9669172932330827,
        "support": 665.0
    }
}