{
    "Hemorrhagic": {
        "precision": 0.9591836734693877,
        "recall": 0.9591836734693877,
        "f1-score": 0.9591836734693877,
        "support": 98.0
    },
    "Ischemic": {
        "precision": 0.9212598425196851,
        "recall": 0.9435483870967742,
        "f1-score": 0.9322709163346614,
        "support": 124.0
    },
    "Normal": {
        "precision": 0.9795454545454545,
        "recall": 0.9729119638826185,
        "f1-score": 0.9762174405436013,
        "support": 443.0
    },
    "micro avg": {
        "precision": 0.9654135338345865,
        "recall": 0.9654135338345865,
        "f1-score": 0.9654135338345865,
        "support": 665.0
    },
    "macro avg": {
        "precision": 0.9533296568448425,
        "recall": 0.9585480081495934,
        "f1-score": 0.9558906767825501,
        "support": 665.0
    },
    "weighted avg": {
        "precision": 0.965676476445229,
        "recall": 0.9654135338345865,
        "f1-score": 0.965512661332802,
        "support": 665.0
    },
    "samples avg": {
        "precision": 0.9654135338345865,
        "recall": 0.9654135338345865,
        "f1-score": 0.9654135338345865,
        "support": 665.0
    }
}