{
    "Hemorrhagic": {
        "precision": 0.9791666666666666,
        "recall": 0.9591836734693877,
        "f1-score": 0.9690721649484536,
        "support": 98.0
    },
    "Ischemic": {
        "precision": 0.9349593495934959,
        "recall": 0.9274193548387096,
        "f1-score": 0.9311740890688259,
        "support": 124.0
    },
    "Normal": {
        "precision": 0.9753363228699552,
        "recall": 0.981941309255079,
        "f1-score": 0.9786276715410575,
        "support": 443.0
    },
    "micro avg": {
        "precision": 0.968421052631579,
        "recall": 0.968421052631579,
        "f1-score": 0.968421052631579,
        "support": 665.0
    },
    "macro avg": {
        "precision": 0.9631541130433726,
        "recall": 0.9561814458543921,
        "f1-score": 0.9596246418527791,
        "support": 665.0
    },
    "weighted avg": {
        "precision": 0.9683718552094992,
        "recall": 0.968421052631579,
        "f1-score": 0.9683710040634155,
        "support": 665.0
    },
    "samples avg": {
        "precision": 0.968421052631579,
        "recall": 0.968421052631579,
        "f1-score": 0.968421052631579,
        "support": 665.0
    }
}