{
    "Hemorrhagic": {
        "precision": 0.8934426229508197,
        "recall": 0.9083333333333333,
        "f1-score": 0.9008264462809917,
        "support": 120.0
    },
    "Ischemic": {
        "precision": 0.8787878787878788,
        "recall": 0.8365384615384616,
        "f1-score": 0.8571428571428572,
        "support": 104.0
    },
    "Normal": {
        "precision": 0.9572072072072072,
        "recall": 0.963718820861678,
        "f1-score": 0.96045197740113,
        "support": 441.0
    },
    "micro avg": {
        "precision": 0.9338345864661655,
        "recall": 0.9338345864661655,
        "f1-score": 0.9338345864661655,
        "support": 665.0
    },
    "macro avg": {
        "precision": 0.9098125696486353,
        "recall": 0.9028635385778244,
        "f1-score": 0.9061404269416595,
        "support": 665.0
    },
    "weighted avg": {
        "precision": 0.9334367406412273,
        "recall": 0.9338345864661655,
        "f1-score": 0.9335358687676308,
        "support": 665.0
    },
    "samples avg": {
        "precision": 0.9338345864661655,
        "recall": 0.9338345864661655,
        "f1-score": 0.9338345864661655,
        "support": 665.0
    }
}