{
    "Hemorrhagic": {
        "precision": 0.9537037037037037,
        "recall": 0.8583333333333333,
        "f1-score": 0.9035087719298245,
        "support": 120.0
    },
    "Ischemic": {
        "precision": 0.9175257731958762,
        "recall": 0.8557692307692307,
        "f1-score": 0.8855721393034824,
        "support": 104.0
    },
    "Normal": {
        "precision": 0.9456521739130435,
        "recall": 0.9863945578231292,
        "f1-score": 0.9655937846836847,
        "support": 441.0
    },
    "micro avg": {
        "precision": 0.9428571428571428,
        "recall": 0.9428571428571428,
        "f1-score": 0.9428571428571428,
        "support": 665.0
    },
    "macro avg": {
        "precision": 0.9389605502708744,
        "recall": 0.9001657073085644,
        "f1-score": 0.9182248986389973,
        "support": 665.0
    },
    "weighted avg": {
        "precision": 0.9427063662443124,
        "recall": 0.9428571428571428,
        "f1-score": 0.9418758107739039,
        "support": 665.0
    },
    "samples avg": {
        "precision": 0.9428571428571428,
        "recall": 0.9428571428571428,
        "f1-score": 0.9428571428571428,
        "support": 665.0
    }
}