{
    "Hemorrhagic": {
        "precision": 0.9083333333333333,
        "recall": 0.9083333333333333,
        "f1-score": 0.9083333333333333,
        "support": 120.0
    },
    "Ischemic": {
        "precision": 0.8461538461538461,
        "recall": 0.8461538461538461,
        "f1-score": 0.8461538461538461,
        "support": 104.0
    },
    "Normal": {
        "precision": 0.9478458049886621,
        "recall": 0.9478458049886621,
        "f1-score": 0.9478458049886621,
        "support": 441.0
    },
    "micro avg": {
        "precision": 0.924812030075188,
        "recall": 0.924812030075188,
        "f1-score": 0.924812030075188,
        "support": 665.0
    },
    "macro avg": {
        "precision": 0.9007776614919472,
        "recall": 0.9007776614919472,
        "f1-score": 0.9007776614919472,
        "support": 665.0
    },
    "weighted avg": {
        "precision": 0.924812030075188,
        "recall": 0.924812030075188,
        "f1-score": 0.924812030075188,
        "support": 665.0
    },
    "samples avg": {
        "precision": 0.924812030075188,
        "recall": 0.924812030075188,
        "f1-score": 0.924812030075188,
        "support": 665.0
    }
}