{
    "Hemorrhagic": {
        "precision": 0.9705882352941176,
        "recall": 0.9,
        "f1-score": 0.9339622641509434,
        "support": 110.0
    },
    "Ischemic": {
        "precision": 0.8979591836734694,
        "recall": 0.9166666666666666,
        "f1-score": 0.9072164948453607,
        "support": 96.0
    },
    "Normal": {
        "precision": 0.9655913978494624,
        "recall": 0.9782135076252724,
        "f1-score": 0.9718614718614719,
        "support": 459.0
    },
    "micro avg": {
        "precision": 0.956390977443609,
        "recall": 0.956390977443609,
        "f1-score": 0.956390977443609,
        "support": 665.0
    },
    "macro avg": {
        "precision": 0.9447129389390164,
        "recall": 0.9316267247639797,
        "f1-score": 0.937680076952592,
        "support": 665.0
    },
    "weighted avg": {
        "precision": 0.9566544949291867,
        "recall": 0.956390977443609,
        "f1-score": 0.9562602227762015,
        "support": 665.0
    },
    "samples avg": {
        "precision": 0.956390977443609,
        "recall": 0.956390977443609,
        "f1-score": 0.956390977443609,
        "support": 665.0
    }
}