{
    "Hemorrhagic": {
        "precision": 0.9805825242718447,
        "recall": 0.9181818181818182,
        "f1-score": 0.9483568075117371,
        "support": 110.0
    },
    "Ischemic": {
        "precision": 0.9375,
        "recall": 0.9375,
        "f1-score": 0.9375,
        "support": 96.0
    },
    "Normal": {
        "precision": 0.9721030042918455,
        "recall": 0.9869281045751634,
        "f1-score": 0.9794594594594594,
        "support": 459.0
    },
    "micro avg": {
        "precision": 0.968421052631579,
        "recall": 0.968421052631579,
        "f1-score": 0.968421052631579,
        "support": 665.0
    },
    "macro avg": {
        "precision": 0.9633951761878968,
        "recall": 0.9475366409189938,
        "f1-score": 0.9551054223237321,
        "support": 665.0
    },
    "weighted avg": {
        "precision": 0.9685103107366315,
        "recall": 0.968421052631579,
        "f1-score": 0.968257354463433,
        "support": 665.0
    },
    "samples avg": {
        "precision": 0.968421052631579,
        "recall": 0.968421052631579,
        "f1-score": 0.968421052631579,
        "support": 665.0
    }
}