{
    "Hemorrhagic": {
        "precision": 0.9351851851851852,
        "recall": 0.9181818181818182,
        "f1-score": 0.9266055045871558,
        "support": 110.0
    },
    "Ischemic": {
        "precision": 0.8350515463917526,
        "recall": 0.84375,
        "f1-score": 0.8393782383419689,
        "support": 96.0
    },
    "Normal": {
        "precision": 0.9543478260869566,
        "recall": 0.9564270152505446,
        "f1-score": 0.955386289445049,
        "support": 459.0
    },
    "micro avg": {
        "precision": 0.9338345864661655,
        "recall": 0.9338345864661655,
        "f1-score": 0.9338345864661655,
        "support": 665.0
    },
    "macro avg": {
        "precision": 0.9081948525546314,
        "recall": 0.906119611144121,
        "f1-score": 0.9071233441247246,
        "support": 665.0
    },
    "weighted avg": {
        "precision": 0.9339563473652506,
        "recall": 0.9338345864661655,
        "f1-score": 0.9338785311890131,
        "support": 665.0
    },
    "samples avg": {
        "precision": 0.9338345864661655,
        "recall": 0.9338345864661655,
        "f1-score": 0.9338345864661655,
        "support": 665.0
    }
}