{
    "Hemorrhagic": {
        "precision": [
            0.9509803921568627,
            0.9504132231404959,
            0.9222222222222223,
            0.8899082568807339
        ],
        "recall": [
            0.9065420560747663,
            0.9426229508196722,
            0.9651162790697675,
            0.941747572815534
        ],
        "f1-score": [
            0.9282296650717703,
            0.9465020576131689,
            0.9431818181818181,
            0.9150943396226414
        ]
    },
    "Ischemic": {
        "precision": [
            0.875,
            0.7610619469026548,
            0.9067796610169492,
            0.8559322033898306
        ],
        "recall": [
            0.952,
            0.9247311827956989,
            0.9067796610169492,
            0.9099099099099099
        ],
        "f1-score": [
            0.9118773946360154,
            0.8349514563106796,
            0.9067796610169492,
            0.8820960698689958
        ]
    },
    "Normal": {
        "precision": [
            0.9789227166276346,
            0.9791183294663574,
            0.975929978118162,
            0.9771689497716894
        ],
        "recall": [
            0.9653579676674365,
            0.9377777777777778,
            0.9674620390455532,
            0.9490022172949002
        ],
        "f1-score": [
            0.9720930232558138,
            0.9580022701475596,
            0.9716775599128541,
            0.9628796400449944
        ]
    }
}