{
    "Hemorrhagic": {
        "precision": [
            0.9509803921568627,
            0.9504132231404959,
            0.9222222222222223
        ],
        "recall": [
            0.9065420560747663,
            0.9426229508196722,
            0.9651162790697675
        ],
        "f1-score": [
            0.9282296650717703,
            0.9465020576131689,
            0.9431818181818181
        ]
    },
    "Ischemic": {
        "precision": [
            0.875,
            0.7610619469026548,
            0.9067796610169492
        ],
        "recall": [
            0.952,
            0.9247311827956989,
            0.9067796610169492
        ],
        "f1-score": [
            0.9118773946360154,
            0.8349514563106796,
            0.9067796610169492
        ]
    },
    "Normal": {
        "precision": [
            0.9789227166276346,
            0.9791183294663574,
            0.975929978118162
        ],
        "recall": [
            0.9653579676674365,
            0.9377777777777778,
            0.9674620390455532
        ],
        "f1-score": [
            0.9720930232558138,
            0.9580022701475596,
            0.9716775599128541
        ]
    }
}