{
    "Hemorrhagic": {
        "precision": [
            0.9509803921568627,
            0.9504132231404959,
            0.9222222222222223,
            0.8899082568807339,
            0.96,
            0.9537037037037037,
            0.9805825242718447,
            0.97
        ],
        "recall": [
            0.9065420560747663,
            0.9426229508196722,
            0.9651162790697675,
            0.941747572815534,
            0.9795918367346939,
            0.8583333333333333,
            0.9181818181818182,
            0.941747572815534
        ],
        "f1-score": [
            0.9282296650717703,
            0.9465020576131689,
            0.9431818181818181,
            0.9150943396226414,
            0.9696969696969697,
            0.9035087719298245,
            0.9483568075117371,
            0.9556650246305418
        ]
    },
    "Ischemic": {
        "precision": [
            0.875,
            0.7610619469026548,
            0.9067796610169492,
            0.8559322033898306,
            0.9491525423728814,
            0.9175257731958762,
            0.9375,
            0.9196428571428571
        ],
        "recall": [
            0.952,
            0.9247311827956989,
            0.9067796610169492,
            0.9099099099099099,
            0.9032258064516129,
            0.8557692307692307,
            0.9375,
            0.9279279279279279
        ],
        "f1-score": [
            0.9118773946360154,
            0.8349514563106796,
            0.9067796610169492,
            0.8820960698689958,
            0.9256198347107438,
            0.8855721393034824,
            0.9375,
            0.9237668161434976
        ]
    },
    "Normal": {
        "precision": [
            0.9789227166276346,
            0.9791183294663574,
            0.975929978118162,
            0.9771689497716894,
            0.9731543624161074,
            0.9456521739130435,
            0.9721030042918455,
            0.9801324503311258
        ],
        "recall": [
            0.9653579676674365,
            0.9377777777777778,
            0.9674620390455532,
            0.9490022172949002,
            0.981941309255079,
            0.9863945578231292,
            0.9869281045751634,
            0.9844789356984479
        ],
        "f1-score": [
            0.9720930232558138,
            0.9580022701475596,
            0.9716775599128541,
            0.9628796400449944,
            0.9775280898876405,
            0.9655937846836847,
            0.9794594594594594,
            0.9823008849557522
        ]
    }
}