{
    "Hemorrhagic": {
        "precision": 0.9656357388316151,
        "recall": 0.8567073170731707,
        "f1-score": 0.9079159935379645,
        "support": 328.0
    },
    "Ischemic": {
        "precision": 0.6538461538461539,
        "recall": 0.9528023598820059,
        "f1-score": 0.7755102040816326,
        "support": 339.0
    },
    "Normal": {
        "precision": 0.9760330578512396,
        "recall": 0.8893072289156626,
        "f1-score": 0.9306540583136328,
        "support": 1328.0
    },
    "micro avg": {
        "precision": 0.8947368421052632,
        "recall": 0.8947368421052632,
        "f1-score": 0.8947368421052632,
        "support": 1995.0
    },
    "macro avg": {
        "precision": 0.8651716501763361,
        "recall": 0.8996056352902797,
        "f1-score": 0.8713600853110766,
        "support": 1995.0
    },
    "weighted avg": {
        "precision": 0.9195760748456453,
        "recall": 0.8947368421052632,
        "f1-score": 0.9005528794509424,
        "support": 1995.0
    },
    "samples avg": {
        "precision": 0.8947368421052632,
        "recall": 0.8947368421052632,
        "f1-score": 0.8947368421052632,
        "support": 1995.0
    }
}