{
    "Hemorrhagic": {
        "precision": 0.9267515923566879,
        "recall": 0.8871951219512195,
        "f1-score": 0.9065420560747663,
        "support": 328.0
    },
    "Ischemic": {
        "precision": 0.7113636363636363,
        "recall": 0.9233038348082596,
        "f1-score": 0.803594351732991,
        "support": 339.0
    },
    "Normal": {
        "precision": 0.9701853344077357,
        "recall": 0.9066265060240963,
        "f1-score": 0.9373297002724795,
        "support": 1328.0
    },
    "micro avg": {
        "precision": 0.906265664160401,
        "recall": 0.906265664160401,
        "f1-score": 0.906265664160401,
        "support": 1995.0
    },
    "macro avg": {
        "precision": 0.8694335210426867,
        "recall": 0.905708487594525,
        "f1-score": 0.8824887026934123,
        "support": 1995.0
    },
    "weighted avg": {
        "precision": 0.9190641198565109,
        "recall": 0.906265664160401,
        "f1-score": 0.909542918091158,
        "support": 1995.0
    },
    "samples avg": {
        "precision": 0.906265664160401,
        "recall": 0.906265664160401,
        "f1-score": 0.906265664160401,
        "support": 1995.0
    }
}