{
    "Hemorrhagic": {
        "precision": 0.9674267100977199,
        "recall": 0.9054878048780488,
        "f1-score": 0.9354330708661417,
        "support": 328.0
    },
    "Ischemic": {
        "precision": 0.8579234972677595,
        "recall": 0.9262536873156342,
        "f1-score": 0.8907801418439716,
        "support": 339.0
    },
    "Normal": {
        "precision": 0.9720121028744326,
        "recall": 0.9676204819277109,
        "f1-score": 0.969811320754717,
        "support": 1328.0
    },
    "micro avg": {
        "precision": 0.9503759398496241,
        "recall": 0.9503759398496241,
        "f1-score": 0.9503759398496241,
        "support": 1995.0
    },
    "macro avg": {
        "precision": 0.9324541034133039,
        "recall": 0.9331206580404646,
        "f1-score": 0.93200817782161,
        "support": 1995.0
    },
    "weighted avg": {
        "precision": 0.9518717288737188,
        "recall": 0.9503759398496241,
        "f1-score": 0.9507297991435915,
        "support": 1995.0
    },
    "samples avg": {
        "precision": 0.9503759398496241,
        "recall": 0.9503759398496241,
        "f1-score": 0.9503759398496241,
        "support": 1995.0
    }
}