{
    "Hemorrhagic": {
        "precision": 0.9769736842105263,
        "recall": 0.9054878048780488,
        "f1-score": 0.939873417721519,
        "support": 328.0
    },
    "Ischemic": {
        "precision": 0.8559782608695652,
        "recall": 0.9292035398230089,
        "f1-score": 0.8910891089108911,
        "support": 339.0
    },
    "Normal": {
        "precision": 0.9705215419501134,
        "recall": 0.9668674698795181,
        "f1-score": 0.968691059977367,
        "support": 1328.0
    },
    "micro avg": {
        "precision": 0.9503759398496241,
        "recall": 0.9503759398496241,
        "f1-score": 0.9503759398496241,
        "support": 1995.0
    },
    "macro avg": {
        "precision": 0.9344911623434017,
        "recall": 0.9338529381935253,
        "f1-score": 0.933217862203259,
        "support": 1995.0
    },
    "weighted avg": {
        "precision": 0.9521185997822486,
        "recall": 0.9503759398496241,
        "f1-score": 0.9507666248538316,
        "support": 1995.0
    },
    "samples avg": {
        "precision": 0.9503759398496241,
        "recall": 0.9503759398496241,
        "f1-score": 0.9503759398496241,
        "support": 1995.0
    }
}