{
    "Hemorrhagic": {
        "precision": {
            "mean": 0.9629381967785792,
            "std": 0.011557248739942239,
            "median": 0.9629597873617423
        },
        "recall": {
            "mean": 0.944878366025568,
            "std": 0.024514262891965597,
            "median": 0.9439099735216241
        },
        "f1-score": {
            "mean": 0.9536411829775817,
            "std": 0.01402510954817734,
            "median": 0.9547883776644757
        }
    },
    "Ischemic": {
        "precision": {
            "mean": 0.923864103321326,
            "std": 0.013515060491697001,
            "median": 0.9234251840270993
        },
        "recall": {
            "mean": 0.9229399349860602,
            "std": 0.023800063682569227,
            "median": 0.9218622933044185
        },
        "f1-score": {
            "mean": 0.9231660472907389,
            "std": 0.012564321651578393,
            "median": 0.9235032024505709
        }
    },
    "Normal": {
        "precision": {
            "mean": 0.9748862084241272,
            "std": 0.008037620608738215,
            "median": 0.9721692680408277
        },
        "recall": {
            "mean": 0.979426600304141,
            "std": 0.005919119629256748,
            "median": 0.9782607668278206
        },
        "f1-score": {
            "mean": 0.9771239297232635,
            "std": 0.004827382210405412,
            "median": 0.9763028098722875
        }
    }
}