{
    "Hemorrhagic": {
        "precision": {
            "mean": 0.9850776814426799,
            "std": 0.014001129152505455,
            "median": 0.9899474641341686
        },
        "recall": {
            "mean": 0.9457968831568776,
            "std": 0.02527214785776077,
            "median": 0.9449260042283298
        },
        "f1-score": {
            "mean": 0.9648897323457837,
            "std": 0.01694599998757966,
            "median": 0.9687751757090868
        }
    },
    "Ischemic": {
        "precision": {
            "mean": 0.958643607329957,
            "std": 0.018642495193916954,
            "median": 0.9679135209334249
        },
        "recall": {
            "mean": 0.9480658197708287,
            "std": 0.02673841658582856,
            "median": 0.952267393443864
        },
        "f1-score": {
            "mean": 0.9530521171452427,
            "std": 0.017114363390681932,
            "median": 0.9574938574938575
        }
    },
    "Normal": {
        "precision": {
            "mean": 0.9787985169283424,
            "std": 0.007725569300786629,
            "median": 0.9793099074627023
        },
        "recall": {
            "mean": 0.9909802757256363,
            "std": 0.0033276373812989044,
            "median": 0.9911520163621004
        },
        "f1-score": {
            "mean": 0.9848314383512363,
            "std": 0.004004885888579593,
            "median": 0.9866742259909288
        }
    }
}