{
    "Hemorrhagic": {
        "precision": 0.9647435897435898,
        "recall": 0.9176829268292683,
        "f1-score": 0.9406250000000002,
        "support": 328.0
    },
    "Ischemic": {
        "precision": 0.8777173913043478,
        "recall": 0.9528023598820059,
        "f1-score": 0.9137199434229136,
        "support": 339.0
    },
    "Normal": {
        "precision": 0.9787072243346008,
        "recall": 0.9691265060240963,
        "f1-score": 0.9738933030646991,
        "support": 1328.0
    },
    "micro avg": {
        "precision": 0.9578947368421052,
        "recall": 0.9578947368421052,
        "f1-score": 0.9578947368421052,
        "support": 1995.0
    },
    "macro avg": {
        "precision": 0.9403894017941794,
        "recall": 0.9465372642451234,
        "f1-score": 0.9427460821625376,
        "support": 1995.0
    },
    "weighted avg": {
        "precision": 0.9592507704282813,
        "recall": 0.9578947368421052,
        "f1-score": 0.9581986803460092,
        "support": 1995.0
    },
    "samples avg": {
        "precision": 0.9578947368421052,
        "recall": 0.9578947368421052,
        "f1-score": 0.9578947368421052,
        "support": 1995.0
    }
}