{
    "Hemorrhagic": {
        "precision": 0.9528301886792453,
        "recall": 0.9237804878048781,
        "f1-score": 0.9380804953560372,
        "support": 328.0
    },
    "Ischemic": {
        "precision": 0.8465608465608465,
        "recall": 0.943952802359882,
        "f1-score": 0.8926080892608089,
        "support": 339.0
    },
    "Normal": {
        "precision": 0.9792147806004619,
        "recall": 0.9578313253012049,
        "f1-score": 0.9684050247430529,
        "support": 1328.0
    },
    "micro avg": {
        "precision": 0.949874686716792,
        "recall": 0.949874686716792,
        "f1-score": 0.949874686716792,
        "support": 1995.0
    },
    "macro avg": {
        "precision": 0.9262019386135179,
        "recall": 0.9418548718219882,
        "f1-score": 0.9330312031199663,
        "support": 1995.0
    },
    "weighted avg": {
        "precision": 0.9523356679239763,
        "recall": 0.949874686716792,
        "f1-score": 0.9505395576917136,
        "support": 1995.0
    },
    "samples avg": {
        "precision": 0.949874686716792,
        "recall": 0.949874686716792,
        "f1-score": 0.949874686716792,
        "support": 1995.0
    }
}