{
    "Hemorrhagic": {
        "precision": 0.8713450292397661,
        "recall": 0.9085365853658537,
        "f1-score": 0.8895522388059701,
        "support": 328.0
    },
    "Ischemic": {
        "precision": 0.676923076923077,
        "recall": 0.9085545722713865,
        "f1-score": 0.7758186397984886,
        "support": 339.0
    },
    "Normal": {
        "precision": 0.9707846410684474,
        "recall": 0.8757530120481928,
        "f1-score": 0.9208234362628661,
        "support": 1328.0
    },
    "micro avg": {
        "precision": 0.8867167919799499,
        "recall": 0.8867167919799499,
        "f1-score": 0.8867167919799499,
        "support": 1995.0
    },
    "macro avg": {
        "precision": 0.8396842490770968,
        "recall": 0.8976147232284776,
        "f1-score": 0.8620647716224417,
        "support": 1995.0
    },
    "weighted avg": {
        "precision": 0.9045013012563732,
        "recall": 0.8867167919799499,
        "f1-score": 0.8910421937729985,
        "support": 1995.0
    },
    "samples avg": {
        "precision": 0.8867167919799499,
        "recall": 0.8867167919799499,
        "f1-score": 0.8867167919799499,
        "support": 1995.0
    }
}