{
    "Hemorrhagic": {
        "precision": 0.8392857142857143,
        "recall": 0.8597560975609756,
        "f1-score": 0.8493975903614457,
        "support": 328.0
    },
    "Ischemic": {
        "precision": 0.6771300448430493,
        "recall": 0.8908554572271387,
        "f1-score": 0.7694267515923567,
        "support": 339.0
    },
    "Normal": {
        "precision": 0.9637262984336357,
        "recall": 0.8802710843373494,
        "f1-score": 0.9201101928374655,
        "support": 1328.0
    },
    "micro avg": {
        "precision": 0.8786967418546366,
        "recall": 0.8786967418546366,
        "f1-score": 0.8786967418546366,
        "support": 1995.0
    },
    "macro avg": {
        "precision": 0.8267140191874663,
        "recall": 0.8769608797084878,
        "f1-score": 0.8463115115970893,
        "support": 1995.0
    },
    "weighted avg": {
        "precision": 0.8945670796026949,
        "recall": 0.8786967418546366,
        "f1-score": 0.8828794057726903,
        "support": 1995.0
    },
    "samples avg": {
        "precision": 0.8786967418546366,
        "recall": 0.8786967418546366,
        "f1-score": 0.8786967418546366,
        "support": 1995.0
    }
}