{
    "Hemorrhagic": {
        "precision": 0.913312693498452,
        "recall": 0.899390243902439,
        "f1-score": 0.9062980030721968,
        "support": 328.0
    },
    "Ischemic": {
        "precision": 0.8933333333333333,
        "recall": 0.7905604719764012,
        "f1-score": 0.8388106416275432,
        "support": 339.0
    },
    "Normal": {
        "precision": 0.9358600583090378,
        "recall": 0.9668674698795181,
        "f1-score": 0.951111111111111,
        "support": 1328.0
    },
    "micro avg": {
        "precision": 0.9258145363408521,
        "recall": 0.9258145363408521,
        "f1-score": 0.9258145363408521,
        "support": 1995.0
    },
    "macro avg": {
        "precision": 0.9141686950469411,
        "recall": 0.8856060619194528,
        "f1-score": 0.898739918603617,
        "support": 1995.0
    },
    "weighted avg": {
        "precision": 0.9249266771438068,
        "recall": 0.9258145363408521,
        "f1-score": 0.9246607058019916,
        "support": 1995.0
    },
    "samples avg": {
        "precision": 0.9258145363408521,
        "recall": 0.9258145363408521,
        "f1-score": 0.9258145363408521,
        "support": 1995.0
    }
}