{
    "Hemorrhagic": {
        "precision": 0.8641975308641975,
        "recall": 0.8536585365853658,
        "f1-score": 0.8588957055214724,
        "support": 328.0
    },
    "Ischemic": {
        "precision": 0.876984126984127,
        "recall": 0.6519174041297935,
        "f1-score": 0.7478849407783418,
        "support": 339.0
    },
    "Normal": {
        "precision": 0.9034531360112755,
        "recall": 0.9653614457831325,
        "f1-score": 0.9333818711321441,
        "support": 1328.0
    },
    "micro avg": {
        "precision": 0.893734335839599,
        "recall": 0.893734335839599,
        "f1-score": 0.893734335839599,
        "support": 1995.0
    },
    "macro avg": {
        "precision": 0.8815449312865332,
        "recall": 0.8236457954994307,
        "f1-score": 0.8467208391439861,
        "support": 1995.0
    },
    "weighted avg": {
        "precision": 0.8925013402476439,
        "recall": 0.893734335839599,
        "f1-score": 0.8896149930818988,
        "support": 1995.0
    },
    "samples avg": {
        "precision": 0.893734335839599,
        "recall": 0.893734335839599,
        "f1-score": 0.893734335839599,
        "support": 1995.0
    }
}