{
    "Hemorrhagic": {
        "precision": 0.939873417721519,
        "recall": 0.9054878048780488,
        "f1-score": 0.922360248447205,
        "support": 328.0
    },
    "Ischemic": {
        "precision": 0.8507462686567164,
        "recall": 0.8407079646017699,
        "f1-score": 0.8456973293768547,
        "support": 339.0
    },
    "Normal": {
        "precision": 0.9471726190476191,
        "recall": 0.9585843373493976,
        "f1-score": 0.9528443113772455,
        "support": 1328.0
    },
    "micro avg": {
        "precision": 0.9298245614035088,
        "recall": 0.9298245614035088,
        "f1-score": 0.9298245614035088,
        "support": 1995.0
    },
    "macro avg": {
        "precision": 0.9125974351419516,
        "recall": 0.9015933689430721,
        "f1-score": 0.906967296400435,
        "support": 1995.0
    },
    "weighted avg": {
        "precision": 0.9295873203922422,
        "recall": 0.9298245614035088,
        "f1-score": 0.9296254644904356,
        "support": 1995.0
    },
    "samples avg": {
        "precision": 0.9298245614035088,
        "recall": 0.9298245614035088,
        "f1-score": 0.9298245614035088,
        "support": 1995.0
    }
}