{
    "Hemorrhagic": {
        "precision": 0.9455128205128205,
        "recall": 0.899390243902439,
        "f1-score": 0.921875,
        "support": 328.0
    },
    "Ischemic": {
        "precision": 0.8541033434650456,
        "recall": 0.8289085545722714,
        "f1-score": 0.8413173652694611,
        "support": 339.0
    },
    "Normal": {
        "precision": 0.9431314623338257,
        "recall": 0.9615963855421686,
        "f1-score": 0.9522744220730798,
        "support": 1328.0
    },
    "micro avg": {
        "precision": 0.9288220551378447,
        "recall": 0.9288220551378447,
        "f1-score": 0.9288220551378447,
        "support": 1995.0
    },
    "macro avg": {
        "precision": 0.9142492087705639,
        "recall": 0.8966317280056263,
        "f1-score": 0.9051555957808469,
        "support": 1995.0
    },
    "weighted avg": {
        "precision": 0.9283948975148753,
        "recall": 0.9288220551378447,
        "f1-score": 0.9284220648317781,
        "support": 1995.0
    },
    "samples avg": {
        "precision": 0.9288220551378447,
        "recall": 0.9288220551378447,
        "f1-score": 0.9288220551378447,
        "support": 1995.0
    }
}