{
    "Hemorrhagic": {
        "precision": 1.0,
        "recall": 0.9158878504672897,
        "f1-score": 0.9560975609756098,
        "support": 107.0
    },
    "Ischemic": {
        "precision": 0.9841269841269841,
        "recall": 0.992,
        "f1-score": 0.9880478087649401,
        "support": 125.0
    },
    "Normal": {
        "precision": 0.981859410430839,
        "recall": 1.0,
        "f1-score": 0.9908466819221967,
        "support": 433.0
    },
    "micro avg": {
        "precision": 0.9849624060150376,
        "recall": 0.9849624060150376,
        "f1-score": 0.9849624060150376,
        "support": 665.0
    },
    "macro avg": {
        "precision": 0.9886621315192744,
        "recall": 0.9692959501557632,
        "f1-score": 0.9783306838875823,
        "support": 665.0
    },
    "weighted avg": {
        "precision": 0.9852045078683102,
        "recall": 0.9849624060150376,
        "f1-score": 0.984729366003487,
        "support": 665.0
    },
    "samples avg": {
        "precision": 0.9849624060150376,
        "recall": 0.9849624060150376,
        "f1-score": 0.9849624060150376,
        "support": 665.0
    }
}