{
    "Hemorrhagic": {
        "precision": 0.9900990099009901,
        "recall": 0.970873786407767,
        "f1-score": 0.9803921568627452,
        "support": 103.0
    },
    "Ischemic": {
        "precision": 0.9722222222222222,
        "recall": 0.9459459459459459,
        "f1-score": 0.9589041095890412,
        "support": 111.0
    },
    "Normal": {
        "precision": 0.9824561403508771,
        "recall": 0.9933481152993349,
        "f1-score": 0.9878721058434399,
        "support": 451.0
    },
    "micro avg": {
        "precision": 0.9819548872180451,
        "recall": 0.9819548872180451,
        "f1-score": 0.9819548872180451,
        "support": 665.0
    },
    "macro avg": {
        "precision": 0.9815924574913631,
        "recall": 0.9700559492176826,
        "f1-score": 0.9757227907650754,
        "support": 665.0
    },
    "weighted avg": {
        "precision": 0.9819317052401717,
        "recall": 0.9819548872180451,
        "f1-score": 0.9818782978295305,
        "support": 665.0
    },
    "samples avg": {
        "precision": 0.9819548872180451,
        "recall": 0.9819548872180451,
        "f1-score": 0.9819548872180451,
        "support": 665.0
    }
}