{
    "Hemorrhagic": {
        "precision": 0.9705882352941176,
        "recall": 0.9611650485436893,
        "f1-score": 0.9658536585365853,
        "support": 103.0
    },
    "Ischemic": {
        "precision": 0.9629629629629629,
        "recall": 0.9369369369369369,
        "f1-score": 0.9497716894977168,
        "support": 111.0
    },
    "Normal": {
        "precision": 0.9846153846153847,
        "recall": 0.9933481152993349,
        "f1-score": 0.9889624724061811,
        "support": 451.0
    },
    "micro avg": {
        "precision": 0.9789473684210527,
        "recall": 0.9789473684210527,
        "f1-score": 0.9789473684210527,
        "support": 665.0
    },
    "macro avg": {
        "precision": 0.9727221942908217,
        "recall": 0.963816700259987,
        "f1-score": 0.9681959401468277,
        "support": 665.0
    },
    "weighted avg": {
        "precision": 0.9788285948657467,
        "recall": 0.9789473684210527,
        "f1-score": 0.9788415931108309,
        "support": 665.0
    },
    "samples avg": {
        "precision": 0.9789473684210527,
        "recall": 0.9789473684210527,
        "f1-score": 0.9789473684210527,
        "support": 665.0
    }
}