{
    "Hemorrhagic": {
        "precision": 0.98989898989899,
        "recall": 0.9158878504672897,
        "f1-score": 0.9514563106796117,
        "support": 107.0
    },
    "Ischemic": {
        "precision": 0.9761904761904762,
        "recall": 0.984,
        "f1-score": 0.9800796812749003,
        "support": 125.0
    },
    "Normal": {
        "precision": 0.9818181818181818,
        "recall": 0.9976905311778291,
        "f1-score": 0.9896907216494846,
        "support": 433.0
    },
    "micro avg": {
        "precision": 0.9819548872180451,
        "recall": 0.9819548872180451,
        "f1-score": 0.9819548872180451,
        "support": 665.0
    },
    "macro avg": {
        "precision": 0.9826358826358826,
        "recall": 0.9658594605483729,
        "f1-score": 0.9737422378679988,
        "support": 665.0
    },
    "weighted avg": {
        "precision": 0.9820605626620664,
        "recall": 0.9819548872180451,
        "f1-score": 0.9817321321448237,
        "support": 665.0
    },
    "samples avg": {
        "precision": 0.9819548872180451,
        "recall": 0.9819548872180451,
        "f1-score": 0.9819548872180451,
        "support": 665.0
    }
}