{
    "Hemorrhagic": {
        "precision": 0.97,
        "recall": 0.9065420560747663,
        "f1-score": 0.9371980676328503,
        "support": 107.0
    },
    "Ischemic": {
        "precision": 0.968503937007874,
        "recall": 0.984,
        "f1-score": 0.976190476190476,
        "support": 125.0
    },
    "Normal": {
        "precision": 0.9794520547945206,
        "recall": 0.9907621247113164,
        "f1-score": 0.9850746268656716,
        "support": 433.0
    },
    "micro avg": {
        "precision": 0.9759398496240601,
        "recall": 0.9759398496240601,
        "f1-score": 0.9759398496240601,
        "support": 665.0
    },
    "macro avg": {
        "precision": 0.9726519972674649,
        "recall": 0.9604347269286942,
        "f1-score": 0.9661543902296659,
        "support": 665.0
    },
    "weighted avg": {
        "precision": 0.9758732809804687,
        "recall": 0.9759398496240601,
        "f1-score": 0.9757012273584366,
        "support": 665.0
    },
    "samples avg": {
        "precision": 0.9759398496240601,
        "recall": 0.9759398496240601,
        "f1-score": 0.9759398496240601,
        "support": 665.0
    }
}