{
    "Hemorrhagic": {
        "precision": 0.9826086956521739,
        "recall": 0.9262295081967213,
        "f1-score": 0.9535864978902953,
        "support": 122.0
    },
    "Ischemic": {
        "precision": 0.9263157894736842,
        "recall": 0.946236559139785,
        "f1-score": 0.9361702127659575,
        "support": 93.0
    },
    "Normal": {
        "precision": 0.9758241758241758,
        "recall": 0.9866666666666667,
        "f1-score": 0.9812154696132597,
        "support": 450.0
    },
    "micro avg": {
        "precision": 0.9699248120300752,
        "recall": 0.9699248120300752,
        "f1-score": 0.9699248120300752,
        "support": 665.0
    },
    "macro avg": {
        "precision": 0.9615828869833446,
        "recall": 0.9530442446677244,
        "f1-score": 0.9569907267565041,
        "support": 665.0
    },
    "weighted avg": {
        "precision": 0.9701451254308224,
        "recall": 0.9699248120300752,
        "f1-score": 0.9698471336177698,
        "support": 665.0
    },
    "samples avg": {
        "precision": 0.9699248120300752,
        "recall": 0.9699248120300752,
        "f1-score": 0.9699248120300752,
        "support": 665.0
    }
}