{
    "Hemorrhagic": {
        "precision": 1.0,
        "recall": 0.9672131147540983,
        "f1-score": 0.9833333333333333,
        "support": 122.0
    },
    "Ischemic": {
        "precision": 0.9775280898876404,
        "recall": 0.9354838709677419,
        "f1-score": 0.956043956043956,
        "support": 93.0
    },
    "Normal": {
        "precision": 0.9781659388646288,
        "recall": 0.9955555555555555,
        "f1-score": 0.986784140969163,
        "support": 450.0
    },
    "micro avg": {
        "precision": 0.9819548872180451,
        "recall": 0.9819548872180451,
        "f1-score": 0.9819548872180451,
        "support": 665.0
    },
    "macro avg": {
        "precision": 0.9852313429174231,
        "recall": 0.9660841804257986,
        "f1-score": 0.9753871434488174,
        "support": 665.0
    },
    "weighted avg": {
        "precision": 0.9820823832310278,
        "recall": 0.9819548872180451,
        "f1-score": 0.9818520571652299,
        "support": 665.0
    },
    "samples avg": {
        "precision": 0.9819548872180451,
        "recall": 0.9819548872180451,
        "f1-score": 0.9819548872180451,
        "support": 665.0
    }
}