{
    "Hemorrhagic": {
        "precision": 0.9878048780487805,
        "recall": 0.9418604651162791,
        "f1-score": 0.9642857142857143,
        "support": 86.0
    },
    "Ischemic": {
        "precision": 0.9739130434782609,
        "recall": 0.9491525423728814,
        "f1-score": 0.9613733905579399,
        "support": 118.0
    },
    "Normal": {
        "precision": 0.9829059829059829,
        "recall": 0.9978308026030369,
        "f1-score": 0.9903121636167922,
        "support": 461.0
    },
    "micro avg": {
        "precision": 0.9819548872180451,
        "recall": 0.9819548872180451,
        "f1-score": 0.9819548872180451,
        "support": 665.0
    },
    "macro avg": {
        "precision": 0.9815413014776748,
        "recall": 0.9629479366973991,
        "f1-score": 0.9719904228201489,
        "support": 665.0
    },
    "weighted avg": {
        "precision": 0.9819437846049444,
        "recall": 0.9819548872180451,
        "f1-score": 0.9818113367545105,
        "support": 665.0
    },
    "samples avg": {
        "precision": 0.9819548872180451,
        "recall": 0.9819548872180451,
        "f1-score": 0.9819548872180451,
        "support": 665.0
    }
}