{
    "Hemorrhagic": {
        "precision": 0.9761904761904762,
        "recall": 0.9534883720930233,
        "f1-score": 0.9647058823529412,
        "support": 86.0
    },
    "Ischemic": {
        "precision": 0.9565217391304348,
        "recall": 0.9322033898305084,
        "f1-score": 0.944206008583691,
        "support": 118.0
    },
    "Normal": {
        "precision": 0.98068669527897,
        "recall": 0.9913232104121475,
        "f1-score": 0.9859762675296656,
        "support": 461.0
    },
    "micro avg": {
        "precision": 0.9759398496240601,
        "recall": 0.9759398496240601,
        "f1-score": 0.9759398496240601,
        "support": 665.0
    },
    "macro avg": {
        "precision": 0.9711329701999603,
        "recall": 0.9590049907785598,
        "f1-score": 0.9649627194887659,
        "support": 665.0
    },
    "weighted avg": {
        "precision": 0.9758173123208683,
        "recall": 0.9759398496240601,
        "f1-score": 0.9758136454532397,
        "support": 665.0
    },
    "samples avg": {
        "precision": 0.9759398496240601,
        "recall": 0.9759398496240601,
        "f1-score": 0.9759398496240601,
        "support": 665.0
    }
}