{
    "Hemorrhagic": {
        "precision": 0.972972972972973,
        "recall": 0.9473684210526315,
        "f1-score": 0.9599999999999999,
        "support": 114.0
    },
    "Ischemic": {
        "precision": 0.9834710743801653,
        "recall": 0.9596774193548387,
        "f1-score": 0.9714285714285714,
        "support": 124.0
    },
    "Normal": {
        "precision": 0.9792147806004619,
        "recall": 0.9929742388758782,
        "f1-score": 0.9860465116279069,
        "support": 427.0
    },
    "micro avg": {
        "precision": 0.9789473684210527,
        "recall": 0.9789473684210527,
        "f1-score": 0.9789473684210527,
        "support": 665.0
    },
    "macro avg": {
        "precision": 0.9785529426512,
        "recall": 0.9666733597611161,
        "f1-score": 0.9724916943521594,
        "support": 665.0
    },
    "weighted avg": {
        "precision": 0.9789384112157242,
        "recall": 0.9789473684210527,
        "f1-score": 0.9788556440936228,
        "support": 665.0
    },
    "samples avg": {
        "precision": 0.9789473684210527,
        "recall": 0.9789473684210527,
        "f1-score": 0.9789473684210527,
        "support": 665.0
    }
}