{
    "Hemorrhagic": {
        "precision": 0.9908256880733946,
        "recall": 0.9473684210526315,
        "f1-score": 0.9686098654708519,
        "support": 114.0
    },
    "Ischemic": {
        "precision": 0.959349593495935,
        "recall": 0.9516129032258065,
        "f1-score": 0.9554655870445343,
        "support": 124.0
    },
    "Normal": {
        "precision": 0.976905311778291,
        "recall": 0.990632318501171,
        "f1-score": 0.983720930232558,
        "support": 427.0
    },
    "micro avg": {
        "precision": 0.9759398496240601,
        "recall": 0.9759398496240601,
        "f1-score": 0.9759398496240601,
        "support": 665.0
    },
    "macro avg": {
        "precision": 0.9756935311158735,
        "recall": 0.963204547593203,
        "f1-score": 0.9692654609159814,
        "support": 665.0
    },
    "weighted avg": {
        "precision": 0.9760181145311175,
        "recall": 0.9759398496240601,
        "f1-score": 0.9758617964909799,
        "support": 665.0
    },
    "samples avg": {
        "precision": 0.9759398496240601,
        "recall": 0.9759398496240601,
        "f1-score": 0.9759398496240601,
        "support": 665.0
    }
}