{
    "Hemorrhagic": {
        "precision": 0.9622641509433962,
        "recall": 0.9272727272727272,
        "f1-score": 0.9444444444444444,
        "support": 110.0
    },
    "Ischemic": {
        "precision": 0.9316239316239316,
        "recall": 0.9159663865546218,
        "f1-score": 0.9237288135593219,
        "support": 119.0
    },
    "Normal": {
        "precision": 0.9728506787330317,
        "recall": 0.9862385321100917,
        "f1-score": 0.979498861047836,
        "support": 436.0
    },
    "micro avg": {
        "precision": 0.9639097744360903,
        "recall": 0.9639097744360903,
        "f1-score": 0.9639097744360903,
        "support": 665.0
    },
    "macro avg": {
        "precision": 0.9555795871001198,
        "recall": 0.9431592153124803,
        "f1-score": 0.9492240396838675,
        "support": 665.0
    },
    "weighted avg": {
        "precision": 0.9637221058565765,
        "recall": 0.9639097744360903,
        "f1-score": 0.9637204828861725,
        "support": 665.0
    },
    "samples avg": {
        "precision": 0.9639097744360903,
        "recall": 0.9639097744360903,
        "f1-score": 0.9639097744360903,
        "support": 665.0
    }
}