{
    "Hemorrhagic": {
        "precision": 0.9722222222222222,
        "recall": 0.9545454545454546,
        "f1-score": 0.963302752293578,
        "support": 110.0
    },
    "Ischemic": {
        "precision": 0.9469026548672567,
        "recall": 0.8991596638655462,
        "f1-score": 0.9224137931034483,
        "support": 119.0
    },
    "Normal": {
        "precision": 0.972972972972973,
        "recall": 0.9908256880733946,
        "f1-score": 0.9818181818181818,
        "support": 436.0
    },
    "micro avg": {
        "precision": 0.968421052631579,
        "recall": 0.968421052631579,
        "f1-score": 0.968421052631579,
        "support": 665.0
    },
    "macro avg": {
        "precision": 0.9640326166874841,
        "recall": 0.9481769354947985,
        "f1-score": 0.955844909071736,
        "support": 665.0
    },
    "weighted avg": {
        "precision": 0.9681835738193448,
        "recall": 0.968421052631579,
        "f1-score": 0.9681252201568891,
        "support": 665.0
    },
    "samples avg": {
        "precision": 0.968421052631579,
        "recall": 0.968421052631579,
        "f1-score": 0.968421052631579,
        "support": 665.0
    }
}