{
    "Hemorrhagic": {
        "precision": 1.0,
        "recall": 0.9512195121951219,
        "f1-score": 0.975,
        "support": 123.0
    },
    "Ischemic": {
        "precision": 0.9652173913043478,
        "recall": 0.9568965517241379,
        "f1-score": 0.961038961038961,
        "support": 116.0
    },
    "Normal": {
        "precision": 0.9792147806004619,
        "recall": 0.9953051643192489,
        "f1-score": 0.9871944121071012,
        "support": 426.0
    },
    "micro avg": {
        "precision": 0.9804511278195489,
        "recall": 0.9804511278195489,
        "f1-score": 0.9804511278195489,
        "support": 665.0
    },
    "macro avg": {
        "precision": 0.9814773906349364,
        "recall": 0.9678070760795029,
        "f1-score": 0.9744111243820207,
        "support": 665.0
    },
    "weighted avg": {
        "precision": 0.9806176149279715,
        "recall": 0.9804511278195489,
        "f1-score": 0.9803764496814206,
        "support": 665.0
    },
    "samples avg": {
        "precision": 0.9804511278195489,
        "recall": 0.9804511278195489,
        "f1-score": 0.9804511278195489,
        "support": 665.0
    }
}