{
    "Hemorrhagic": {
        "precision": 0.952755905511811,
        "recall": 0.983739837398374,
        "f1-score": 0.968,
        "support": 123.0
    },
    "Ischemic": {
        "precision": 0.9646017699115044,
        "recall": 0.9396551724137931,
        "f1-score": 0.9519650655021834,
        "support": 116.0
    },
    "Normal": {
        "precision": 0.9882352941176471,
        "recall": 0.9859154929577465,
        "f1-score": 0.9870740305522914,
        "support": 426.0
    },
    "micro avg": {
        "precision": 0.9774436090225563,
        "recall": 0.9774436090225563,
        "f1-score": 0.9774436090225563,
        "support": 665.0
    },
    "macro avg": {
        "precision": 0.9685309898469875,
        "recall": 0.9697701675899713,
        "f1-score": 0.9690130320181582,
        "support": 665.0
    },
    "weighted avg": {
        "precision": 0.9775504014763983,
        "recall": 0.9774436090225563,
        "f1-score": 0.9774217813737284,
        "support": 665.0
    },
    "samples avg": {
        "precision": 0.9774436090225563,
        "recall": 0.9774436090225563,
        "f1-score": 0.9774436090225563,
        "support": 665.0
    }
}