{
    "Hemorrhagic": {
        "precision": 0.9696969696969697,
        "recall": 0.9795918367346939,
        "f1-score": 0.9746192893401016,
        "support": 98.0
    },
    "Ischemic": {
        "precision": 0.9663865546218487,
        "recall": 0.9274193548387096,
        "f1-score": 0.9465020576131686,
        "support": 124.0
    },
    "Normal": {
        "precision": 0.9798657718120806,
        "recall": 0.9887133182844243,
        "f1-score": 0.9842696629213482,
        "support": 443.0
    },
    "micro avg": {
        "precision": 0.9759398496240601,
        "recall": 0.9759398496240601,
        "f1-score": 0.9759398496240601,
        "support": 665.0
    },
    "macro avg": {
        "precision": 0.9719830987102998,
        "recall": 0.9652415032859426,
        "f1-score": 0.9684636699582061,
        "support": 665.0
    },
    "weighted avg": {
        "precision": 0.9758537935581413,
        "recall": 0.9759398496240601,
        "f1-score": 0.9758051220654437,
        "support": 665.0
    },
    "samples avg": {
        "precision": 0.9759398496240601,
        "recall": 0.9759398496240601,
        "f1-score": 0.9759398496240601,
        "support": 665.0
    }
}