{
    "Hemorrhagic": {
        "precision": 0.9896907216494846,
        "recall": 0.9795918367346939,
        "f1-score": 0.9846153846153847,
        "support": 98.0
    },
    "Ischemic": {
        "precision": 0.9663865546218487,
        "recall": 0.9274193548387096,
        "f1-score": 0.9465020576131686,
        "support": 124.0
    },
    "Normal": {
        "precision": 0.977728285077951,
        "recall": 0.9909706546275395,
        "f1-score": 0.9843049327354259,
        "support": 443.0
    },
    "micro avg": {
        "precision": 0.9774436090225563,
        "recall": 0.9774436090225563,
        "f1-score": 0.9774436090225563,
        "support": 665.0
    },
    "macro avg": {
        "precision": 0.9779351871164281,
        "recall": 0.9659939487336477,
        "f1-score": 0.9718074583213264,
        "support": 665.0
    },
    "weighted avg": {
        "precision": 0.9773763214801369,
        "recall": 0.9774436090225563,
        "f1-score": 0.9773017263731342,
        "support": 665.0
    },
    "samples avg": {
        "precision": 0.9774436090225563,
        "recall": 0.9774436090225563,
        "f1-score": 0.9774436090225563,
        "support": 665.0
    }
}