{
    "Hemorrhagic": {
        "precision": 0.9743589743589743,
        "recall": 0.95,
        "f1-score": 0.9620253164556962,
        "support": 120.0
    },
    "Ischemic": {
        "precision": 0.9484536082474226,
        "recall": 0.8846153846153846,
        "f1-score": 0.9154228855721392,
        "support": 104.0
    },
    "Normal": {
        "precision": 0.9667405764966741,
        "recall": 0.9886621315192744,
        "f1-score": 0.977578475336323,
        "support": 441.0
    },
    "micro avg": {
        "precision": 0.9654135338345865,
        "recall": 0.9654135338345865,
        "f1-score": 0.9654135338345865,
        "support": 665.0
    },
    "macro avg": {
        "precision": 0.9631843863676903,
        "recall": 0.9410925053782196,
        "f1-score": 0.9516755591213862,
        "support": 665.0
    },
    "weighted avg": {
        "precision": 0.9652554081441236,
        "recall": 0.9654135338345865,
        "f1-score": 0.9650513168383527,
        "support": 665.0
    },
    "samples avg": {
        "precision": 0.9654135338345865,
        "recall": 0.9654135338345865,
        "f1-score": 0.9654135338345865,
        "support": 665.0
    }
}