{
    "Hemorrhagic": {
        "precision": 0.9807692307692307,
        "recall": 0.9272727272727272,
        "f1-score": 0.9532710280373831,
        "support": 110.0
    },
    "Ischemic": {
        "precision": 0.9285714285714286,
        "recall": 0.9479166666666666,
        "f1-score": 0.9381443298969072,
        "support": 96.0
    },
    "Normal": {
        "precision": 0.9740820734341252,
        "recall": 0.9825708061002179,
        "f1-score": 0.9783080260303686,
        "support": 459.0
    },
    "micro avg": {
        "precision": 0.968421052631579,
        "recall": 0.968421052631579,
        "f1-score": 0.968421052631579,
        "support": 665.0
    },
    "macro avg": {
        "precision": 0.9611409109249281,
        "recall": 0.9525867333465371,
        "f1-score": 0.9565744613215529,
        "support": 665.0
    },
    "weighted avg": {
        "precision": 0.9686182620056181,
        "recall": 0.968421052631579,
        "f1-score": 0.9683685003039916,
        "support": 665.0
    },
    "samples avg": {
        "precision": 0.968421052631579,
        "recall": 0.968421052631579,
        "f1-score": 0.968421052631579,
        "support": 665.0
    }
}