{
    "Hemorrhagic": {
        "precision": 0.9811320754716981,
        "recall": 0.9454545454545454,
        "f1-score": 0.9629629629629629,
        "support": 110.0
    },
    "Ischemic": {
        "precision": 0.9479166666666666,
        "recall": 0.9479166666666666,
        "f1-score": 0.9479166666666666,
        "support": 96.0
    },
    "Normal": {
        "precision": 0.9827213822894169,
        "recall": 0.9912854030501089,
        "f1-score": 0.9869848156182213,
        "support": 459.0
    },
    "micro avg": {
        "precision": 0.9774436090225563,
        "recall": 0.9774436090225563,
        "f1-score": 0.9774436090225563,
        "support": 665.0
    },
    "macro avg": {
        "precision": 0.9705900414759272,
        "recall": 0.961552205057107,
        "f1-score": 0.9659548150826169,
        "support": 665.0
    },
    "weighted avg": {
        "precision": 0.9774340492822994,
        "recall": 0.9774436090225563,
        "f1-score": 0.977371362849157,
        "support": 665.0
    },
    "samples avg": {
        "precision": 0.9774436090225563,
        "recall": 0.9774436090225563,
        "f1-score": 0.9774436090225563,
        "support": 665.0
    }
}