{
    "Hemorrhagic": {
        "precision": [
            0.98989898989899,
            0.9826086956521739,
            0.9761904761904762,
            0.9908256880733946,
            0.9622641509433962,
            0.952755905511811,
            0.9896907216494846,
            0.9743589743589743,
            0.9807692307692307,
            0.9705882352941176
        ],
        "recall": [
            0.9158878504672897,
            0.9262295081967213,
            0.9534883720930233,
            0.9473684210526315,
            0.9272727272727272,
            0.983739837398374,
            0.9795918367346939,
            0.95,
            0.9272727272727272,
            0.9611650485436893
        ],
        "f1-score": [
            0.9514563106796117,
            0.9535864978902953,
            0.9647058823529412,
            0.9686098654708519,
            0.9444444444444444,
            0.968,
            0.9846153846153847,
            0.9620253164556962,
            0.9532710280373831,
            0.9658536585365853
        ]
    },
    "Ischemic": {
        "precision": [
            0.9761904761904762,
            0.9263157894736842,
            0.9565217391304348,
            0.959349593495935,
            0.9316239316239316,
            0.9646017699115044,
            0.9663865546218487,
            0.9484536082474226,
            0.9285714285714286,
            0.9629629629629629
        ],
        "recall": [
            0.984,
            0.946236559139785,
            0.9322033898305084,
            0.9516129032258065,
            0.9159663865546218,
            0.9396551724137931,
            0.9274193548387096,
            0.8846153846153846,
            0.9479166666666666,
            0.9369369369369369
        ],
        "f1-score": [
            0.9800796812749003,
            0.9361702127659575,
            0.944206008583691,
            0.9554655870445343,
            0.9237288135593219,
            0.9519650655021834,
            0.9465020576131686,
            0.9154228855721392,
            0.9381443298969072,
            0.9497716894977168
        ]
    },
    "Normal": {
        "precision": [
            0.9818181818181818,
            0.9758241758241758,
            0.98068669527897,
            0.976905311778291,
            0.9728506787330317,
            0.9882352941176471,
            0.977728285077951,
            0.9667405764966741,
            0.9740820734341252,
            0.9846153846153847
        ],
        "recall": [
            0.9976905311778291,
            0.9866666666666667,
            0.9913232104121475,
            0.990632318501171,
            0.9862385321100917,
            0.9859154929577465,
            0.9909706546275395,
            0.9886621315192744,
            0.9825708061002179,
            0.9933481152993349
        ],
        "f1-score": [
            0.9896907216494846,
            0.9812154696132597,
            0.9859762675296656,
            0.983720930232558,
            0.979498861047836,
            0.9870740305522914,
            0.9843049327354259,
            0.977578475336323,
            0.9783080260303686,
            0.9889624724061811
        ]
    }
}