{
    "Hemorrhagic": {
        "precision": [
            0.97,
            1.0,
            0.9878048780487805,
            0.972972972972973,
            0.9722222222222222,
            1.0,
            0.9696969696969697,
            0.9652173913043478,
            0.9811320754716981,
            0.9900990099009901
        ],
        "recall": [
            0.9065420560747663,
            0.9672131147540983,
            0.9418604651162791,
            0.9473684210526315,
            0.9545454545454546,
            0.9512195121951219,
            0.9795918367346939,
            0.925,
            0.9454545454545454,
            0.970873786407767
        ],
        "f1-score": [
            0.9371980676328503,
            0.9833333333333333,
            0.9642857142857143,
            0.9599999999999999,
            0.963302752293578,
            0.975,
            0.9746192893401016,
            0.9446808510638298,
            0.9629629629629629,
            0.9803921568627452
        ]
    },
    "Ischemic": {
        "precision": [
            0.968503937007874,
            0.9775280898876404,
            0.9739130434782609,
            0.9834710743801653,
            0.9469026548672567,
            0.9652173913043478,
            0.9663865546218487,
            0.96875,
            0.9479166666666666,
            0.9722222222222222
        ],
        "recall": [
            0.984,
            0.9354838709677419,
            0.9491525423728814,
            0.9596774193548387,
            0.8991596638655462,
            0.9568965517241379,
            0.9274193548387096,
            0.8942307692307693,
            0.9479166666666666,
            0.9459459459459459
        ],
        "f1-score": [
            0.976190476190476,
            0.956043956043956,
            0.9613733905579399,
            0.9714285714285714,
            0.9224137931034483,
            0.961038961038961,
            0.9465020576131686,
            0.93,
            0.9479166666666666,
            0.9589041095890412
        ]
    },
    "Normal": {
        "precision": [
            0.9794520547945206,
            0.9781659388646288,
            0.9829059829059829,
            0.9792147806004619,
            0.972972972972973,
            0.9792147806004619,
            0.9798657718120806,
            0.9647577092511013,
            0.9827213822894169,
            0.9824561403508771
        ],
        "recall": [
            0.9907621247113164,
            0.9955555555555555,
            0.9978308026030369,
            0.9929742388758782,
            0.9908256880733946,
            0.9953051643192489,
            0.9887133182844243,
            0.9931972789115646,
            0.9912854030501089,
            0.9933481152993349
        ],
        "f1-score": [
            0.9850746268656716,
            0.986784140969163,
            0.9903121636167922,
            0.9860465116279069,
            0.9818181818181818,
            0.9871944121071012,
            0.9842696629213482,
            0.9787709497206704,
            0.9869848156182213,
            0.9878721058434399
        ]
    }
}