{
    "Hemorrhagic": {
        "precision": {
            "mean": 0.9809145519617981,
            "std": 0.012208089750550483,
            "median": 0.9770525242223356
        },
        "recall": {
            "mean": 0.9489669192335357,
            "std": 0.02055867255271887,
            "median": 0.9492939666238767
        },
        "f1-score": {
            "mean": 0.9645775127775116,
            "std": 0.014078817448429662,
            "median": 0.9637942332896461
        }
    },
    "Ischemic": {
        "precision": {
            "mean": 0.9670811634436282,
            "std": 0.0111089517775401,
            "median": 0.968626968503937
        },
        "recall": {
            "mean": 0.9399882784967237,
            "std": 0.02594593114493954,
            "median": 0.9469313063063063
        },
        "f1-score": {
            "mean": 0.9531811982232229,
            "std": 0.01608889191552887,
            "median": 0.9574740328164986
        }
    },
    "Normal": {
        "precision": {
            "mean": 0.9781727514442506,
            "std": 0.00524515612083767,
            "median": 0.9793334176974913
        },
        "recall": {
            "mean": 0.9929797689683861,
            "std": 0.0025766096995582504,
            "median": 0.9930857588937214
        },
        "f1-score": {
            "mean": 0.9855127571108495,
            "std": 0.0031038066077260736,
            "median": 0.9864153262985349
        }
    }
}