{
    "Hemorrhagic": {
        "precision": {
            "mean": 0.9859349593495935,
            "std": 0.012318615911326436,
            "median": 0.9878048780487805
        },
        "recall": {
            "mean": 0.938538545315048,
            "std": 0.024879987991584654,
            "median": 0.9418604651162791
        },
        "f1-score": {
            "mean": 0.9616057050839659,
            "std": 0.018929738901256796,
            "median": 0.9642857142857143
        }
    },
    "Ischemic": {
        "precision": {
            "mean": 0.9733150234579252,
            "std": 0.003708283947946008,
            "median": 0.9739130434782609
        },
        "recall": {
            "mean": 0.9562121377802079,
            "std": 0.02042599829555522,
            "median": 0.9491525423728814
        },
        "f1-score": {
            "mean": 0.9645359409307908,
            "std": 0.008523374220309254,
            "median": 0.9613733905579399
        }
    },
    "Normal": {
        "precision": {
            "mean": 0.9801746588550441,
            "std": 0.0020014364590976268,
            "median": 0.9794520547945206
        },
        "recall": {
            "mean": 0.9947161609566363,
            "std": 0.002946182756692195,
            "median": 0.9955555555555555
        },
        "f1-score": {
            "mean": 0.9873903104838756,
            "std": 0.0021807535265376972,
            "median": 0.986784140969163
        }
    }
}